mai 02 19:41:06 pgvm-g15 kernel: Linux version 6.1.0-060100-generic (kernel@sita) (x86_64-linux-gnu-gcc-12 (Ubuntu 12.2.0-9ubuntu1) 12.2.0, GNU ld (GNU Binutils for Ubuntu) 2.39) #202303090726 SMP PREEMPT_DYNAMIC Thu Mar  9 12:33:28 UTC 2023
mai 02 19:41:06 pgvm-g15 kernel: Command line: BOOT_IMAGE=/boot/vmlinuz-6.1.0-060100-generic root=UUID=a82733ee-56b3-4440-9a28-0900e05b5f36 ro recovery nomodeset dis_ucode_ldr
mai 02 19:41:06 pgvm-g15 kernel: KERNEL supported cpus:
mai 02 19:41:06 pgvm-g15 kernel:   Intel GenuineIntel
mai 02 19:41:06 pgvm-g15 kernel:   AMD AuthenticAMD
mai 02 19:41:06 pgvm-g15 kernel:   Hygon HygonGenuine
mai 02 19:41:06 pgvm-g15 kernel:   Centaur CentaurHauls
mai 02 19:41:06 pgvm-g15 kernel:   zhaoxin   Shanghai  
mai 02 19:41:06 pgvm-g15 kernel: x86/split lock detection: #AC: crashing the kernel on kernel split_locks and warning on user-space split_locks
mai 02 19:41:06 pgvm-g15 kernel: x86/fpu: Supporting XSAVE feature 0x001: 'x87 floating point registers'
mai 02 19:41:06 pgvm-g15 kernel: x86/fpu: Supporting XSAVE feature 0x002: 'SSE registers'
mai 02 19:41:06 pgvm-g15 kernel: x86/fpu: Supporting XSAVE feature 0x004: 'AVX registers'
mai 02 19:41:06 pgvm-g15 kernel: x86/fpu: Supporting XSAVE feature 0x200: 'Protection Keys User registers'
mai 02 19:41:06 pgvm-g15 kernel: x86/fpu: xstate_offset[2]:  576, xstate_sizes[2]:  256
mai 02 19:41:06 pgvm-g15 kernel: x86/fpu: xstate_offset[9]:  832, xstate_sizes[9]:    8
mai 02 19:41:06 pgvm-g15 kernel: x86/fpu: Enabled xstate features 0x207, context size is 840 bytes, using 'compacted' format.
mai 02 19:41:06 pgvm-g15 kernel: signal: max sigframe size: 3632
mai 02 19:41:06 pgvm-g15 kernel: BIOS-provided physical RAM map:
mai 02 19:41:06 pgvm-g15 kernel: BIOS-e820: [mem 0x0000000000000000-0x000000000009efff] usable
mai 02 19:41:06 pgvm-g15 kernel: BIOS-e820: [mem 0x000000000009f000-0x00000000000fffff] reserved
mai 02 19:41:06 pgvm-g15 kernel: BIOS-e820: [mem 0x0000000000100000-0x000000005d514fff] usable
mai 02 19:41:06 pgvm-g15 kernel: BIOS-e820: [mem 0x000000005d515000-0x0000000061510fff] reserved
mai 02 19:41:06 pgvm-g15 kernel: BIOS-e820: [mem 0x0000000061511000-0x0000000061d71fff] ACPI NVS
mai 02 19:41:06 pgvm-g15 kernel: BIOS-e820: [mem 0x0000000061d72000-0x0000000061ffefff] ACPI data
mai 02 19:41:06 pgvm-g15 kernel: BIOS-e820: [mem 0x0000000061fff000-0x0000000061ffffff] usable
mai 02 19:41:06 pgvm-g15 kernel: BIOS-e820: [mem 0x0000000062000000-0x00000000663fffff] reserved
mai 02 19:41:06 pgvm-g15 kernel: BIOS-e820: [mem 0x0000000066e00000-0x00000000707fffff] reserved
mai 02 19:41:06 pgvm-g15 kernel: BIOS-e820: [mem 0x00000000c0000000-0x00000000cfffffff] reserved
mai 02 19:41:06 pgvm-g15 kernel: BIOS-e820: [mem 0x00000000f9800000-0x00000000f9ffffff] reserved
mai 02 19:41:06 pgvm-g15 kernel: BIOS-e820: [mem 0x00000000fed20000-0x00000000fed7ffff] reserved
mai 02 19:41:06 pgvm-g15 kernel: BIOS-e820: [mem 0x00000000ff000000-0x00000000ffffffff] reserved
mai 02 19:41:06 pgvm-g15 kernel: BIOS-e820: [mem 0x0000000100000000-0x000000048f7fffff] usable
mai 02 19:41:06 pgvm-g15 kernel: NX (Execute Disable) protection: active
mai 02 19:41:06 pgvm-g15 kernel: e820: update [mem 0x5764c018-0x57671e57] usable ==> usable
mai 02 19:41:06 pgvm-g15 kernel: e820: update [mem 0x5764c018-0x57671e57] usable ==> usable
mai 02 19:41:06 pgvm-g15 kernel: extended physical RAM map:
mai 02 19:41:06 pgvm-g15 kernel: reserve setup_data: [mem 0x0000000000000000-0x000000000009efff] usable
mai 02 19:41:06 pgvm-g15 kernel: reserve setup_data: [mem 0x000000000009f000-0x00000000000fffff] reserved
mai 02 19:41:06 pgvm-g15 kernel: reserve setup_data: [mem 0x0000000000100000-0x000000005764c017] usable
mai 02 19:41:06 pgvm-g15 kernel: reserve setup_data: [mem 0x000000005764c018-0x0000000057671e57] usable
mai 02 19:41:06 pgvm-g15 kernel: reserve setup_data: [mem 0x0000000057671e58-0x000000005d514fff] usable
mai 02 19:41:06 pgvm-g15 kernel: reserve setup_data: [mem 0x000000005d515000-0x0000000061510fff] reserved
mai 02 19:41:06 pgvm-g15 kernel: reserve setup_data: [mem 0x0000000061511000-0x0000000061d71fff] ACPI NVS
mai 02 19:41:06 pgvm-g15 kernel: reserve setup_data: [mem 0x0000000061d72000-0x0000000061ffefff] ACPI data
mai 02 19:41:06 pgvm-g15 kernel: reserve setup_data: [mem 0x0000000061fff000-0x0000000061ffffff] usable
mai 02 19:41:06 pgvm-g15 kernel: reserve setup_data: [mem 0x0000000062000000-0x00000000663fffff] reserved
mai 02 19:41:06 pgvm-g15 kernel: reserve setup_data: [mem 0x0000000066e00000-0x00000000707fffff] reserved
mai 02 19:41:06 pgvm-g15 kernel: reserve setup_data: [mem 0x00000000c0000000-0x00000000cfffffff] reserved
mai 02 19:41:06 pgvm-g15 kernel: reserve setup_data: [mem 0x00000000f9800000-0x00000000f9ffffff] reserved
mai 02 19:41:06 pgvm-g15 kernel: reserve setup_data: [mem 0x00000000fed20000-0x00000000fed7ffff] reserved
mai 02 19:41:06 pgvm-g15 kernel: reserve setup_data: [mem 0x00000000ff000000-0x00000000ffffffff] reserved
mai 02 19:41:06 pgvm-g15 kernel: reserve setup_data: [mem 0x0000000100000000-0x000000048f7fffff] usable
mai 02 19:41:06 pgvm-g15 kernel: efi: EFI v2.70 by Dell
mai 02 19:41:06 pgvm-g15 kernel: efi: ACPI=0x61ffe000 ACPI 2.0=0x61ffe014 SMBIOS=0x5dda6000 ESRT=0x5dd36818 MEMATTR=0x5769a018 RNG=0x61f18018 
mai 02 19:41:06 pgvm-g15 kernel: efi: seeding entropy pool
mai 02 19:41:06 pgvm-g15 kernel: random: crng init done
mai 02 19:41:06 pgvm-g15 kernel: SMBIOS 3.6 present.
mai 02 19:41:06 pgvm-g15 kernel: DMI: Dell Inc. Dell G15 5530/0PP1KF, BIOS 1.31.0 12/24/2025
mai 02 19:41:06 pgvm-g15 kernel: tsc: Detected 2600.000 MHz processor
mai 02 19:41:06 pgvm-g15 kernel: tsc: Detected 2611.200 MHz TSC
mai 02 19:41:06 pgvm-g15 kernel: e820: update [mem 0x00000000-0x00000fff] usable ==> reserved
mai 02 19:41:06 pgvm-g15 kernel: e820: remove [mem 0x000a0000-0x000fffff] usable
mai 02 19:41:06 pgvm-g15 kernel: last_pfn = 0x48f800 max_arch_pfn = 0x400000000
mai 02 19:41:06 pgvm-g15 kernel: x86/PAT: Configuration [0-7]: WB  WC  UC- UC  WB  WP  UC- WT  
mai 02 19:41:06 pgvm-g15 kernel: last_pfn = 0x62000 max_arch_pfn = 0x400000000
mai 02 19:41:06 pgvm-g15 kernel: esrt: Reserving ESRT space from 0x000000005dd36818 to 0x000000005dd368a0.
mai 02 19:41:06 pgvm-g15 kernel: Using GB pages for direct mapping
mai 02 19:41:06 pgvm-g15 kernel: Secure boot disabled
mai 02 19:41:06 pgvm-g15 kernel: RAMDISK: [mem 0x48fc4000-0x4d4cbfff]
mai 02 19:41:06 pgvm-g15 kernel: ACPI: Early table checksum verification disabled
mai 02 19:41:06 pgvm-g15 kernel: ACPI: RSDP 0x0000000061FFE014 000024 (v02 DELL  )
mai 02 19:41:06 pgvm-g15 kernel: ACPI: XSDT 0x0000000061F2B188 0000FC (v01 DELL   Dell Inc 00000002      01000013)
mai 02 19:41:06 pgvm-g15 kernel: ACPI: FACP 0x0000000061FEC000 000114 (v06 DELL   Dell Inc 00000002      01000013)
mai 02 19:41:06 pgvm-g15 kernel: ACPI: DSDT 0x0000000061F49000 09F66C (v02 DELL   Dell Inc 00000002      01000013)
mai 02 19:41:06 pgvm-g15 kernel: ACPI: FACS 0x0000000061CDB000 000040
mai 02 19:41:06 pgvm-g15 kernel: ACPI: SSDT 0x0000000061FFC000 00038C (v02 PmaxDv Pmax_Dev 00000001 INTL 20200717)
mai 02 19:41:06 pgvm-g15 kernel: ACPI: SSDT 0x0000000061FFA000 001FBF (v02 ALWARE AWCCTABL 00001000 INTL 20200717)
mai 02 19:41:06 pgvm-g15 kernel: ACPI: SSDT 0x0000000061FF4000 005C55 (v02 CpuRef CpuSsdt  00003000 INTL 20200717)
mai 02 19:41:06 pgvm-g15 kernel: ACPI: SSDT 0x0000000061FED000 0065CD (v02 DptfTb DptfTabl 00001000 INTL 20200717)
mai 02 19:41:06 pgvm-g15 kernel: ACPI: HPET 0x0000000061FEB000 000038 (v01 DELL   Dell Inc 00000002      01000013)
mai 02 19:41:06 pgvm-g15 kernel: ACPI: APIC 0x0000000061FEA000 0001DC (v05 DELL   Dell Inc 00000002      01000013)
mai 02 19:41:06 pgvm-g15 kernel: ACPI: MCFG 0x0000000061FE9000 00003C (v01 DELL   Dell Inc 00000002      01000013)
mai 02 19:41:06 pgvm-g15 kernel: ACPI: SSDT 0x0000000061F47000 0016F7 (v02 DELL   DellRtd3 00001000 INTL 20200717)
mai 02 19:41:06 pgvm-g15 kernel: ACPI: SSDT 0x0000000061F41000 0012A9 (v02 INTEL  IgfxSsdt 00003000 INTL 20200717)
mai 02 19:41:06 pgvm-g15 kernel: ACPI: NHLT 0x0000000061F3F000 001B62 (v00 DELL   Dell Inc 00000002      01000013)
mai 02 19:41:06 pgvm-g15 kernel: ACPI: SSDT 0x0000000061F3D000 0010C0 (v02 DELL   UsbCTabl 00001000 INTL 20200717)
mai 02 19:41:06 pgvm-g15 kernel: ACPI: LPIT 0x0000000061F3C000 0000CC (v01 DELL   Dell Inc 00000002      01000013)
mai 02 19:41:06 pgvm-g15 kernel: ACPI: SSDT 0x0000000061F3B000 000B44 (v02 DELL   PtidDevc 00001000 INTL 20200717)
mai 02 19:41:06 pgvm-g15 kernel: ACPI: SSDT 0x0000000061F31000 0093E7 (v02 DELL   TbtTypeC 00000000 INTL 20200717)
mai 02 19:41:06 pgvm-g15 kernel: ACPI: DBGP 0x0000000061F30000 000034 (v01 DELL   Dell Inc 00000002      01000013)
mai 02 19:41:06 pgvm-g15 kernel: ACPI: DBG2 0x0000000061F2F000 000054 (v00 DELL   Dell Inc 00000002      01000013)
mai 02 19:41:06 pgvm-g15 kernel: ACPI: BOOT 0x0000000061F2E000 000028 (v01 DELL   CBX3     00000002      01000013)
mai 02 19:41:06 pgvm-g15 kernel: ACPI: DMAR 0x0000000061F2D000 000088 (v01 INTEL  Dell Inc 00000002      01000013)
mai 02 19:41:06 pgvm-g15 kernel: ACPI: FPDT 0x0000000061F2C000 000034 (v01 DELL   Dell Inc 00000002      01000013)
mai 02 19:41:06 pgvm-g15 kernel: ACPI: SSDT 0x0000000061F20000 00A2BC (v02 DELL   NvdTable 00001000 INTL 20200717)
mai 02 19:41:06 pgvm-g15 kernel: ACPI: SSDT 0x0000000061FFD000 000D98 (v02 DELL   xh_Dell_ 00000000 INTL 20200717)
mai 02 19:41:06 pgvm-g15 kernel: ACPI: SSDT 0x0000000061F43000 0039DA (v02 SocGpe SocGpe   00003000 INTL 20200717)
mai 02 19:41:06 pgvm-g15 kernel: ACPI: SSDT 0x0000000061F1C000 0039DA (v02 SocCmn SocCmn   00003000 INTL 20200717)
mai 02 19:41:06 pgvm-g15 kernel: ACPI: SSDT 0x0000000061F1B000 000144 (v02 Intel  ADebTabl 00001000 INTL 20200717)
mai 02 19:41:06 pgvm-g15 kernel: ACPI: PHAT 0x0000000061F1A000 000506 (v01 DELL   Dell Inc 00000005 MSFT 0100000D)
mai 02 19:41:06 pgvm-g15 kernel: ACPI: BGRT 0x0000000061F19000 000038 (v01 DELL   Dell Inc 00000002      01000013)
mai 02 19:41:06 pgvm-g15 kernel: ACPI: Reserving FACP table memory at [mem 0x61fec000-0x61fec113]
mai 02 19:41:06 pgvm-g15 kernel: ACPI: Reserving DSDT table memory at [mem 0x61f49000-0x61fe866b]
mai 02 19:41:06 pgvm-g15 kernel: ACPI: Reserving FACS table memory at [mem 0x61cdb000-0x61cdb03f]
mai 02 19:41:06 pgvm-g15 kernel: ACPI: Reserving SSDT table memory at [mem 0x61ffc000-0x61ffc38b]
mai 02 19:41:06 pgvm-g15 kernel: ACPI: Reserving SSDT table memory at [mem 0x61ffa000-0x61ffbfbe]
mai 02 19:41:06 pgvm-g15 kernel: ACPI: Reserving SSDT table memory at [mem 0x61ff4000-0x61ff9c54]
mai 02 19:41:06 pgvm-g15 kernel: ACPI: Reserving SSDT table memory at [mem 0x61fed000-0x61ff35cc]
mai 02 19:41:06 pgvm-g15 kernel: ACPI: Reserving HPET table memory at [mem 0x61feb000-0x61feb037]
mai 02 19:41:06 pgvm-g15 kernel: ACPI: Reserving APIC table memory at [mem 0x61fea000-0x61fea1db]
mai 02 19:41:06 pgvm-g15 kernel: ACPI: Reserving MCFG table memory at [mem 0x61fe9000-0x61fe903b]
mai 02 19:41:06 pgvm-g15 kernel: ACPI: Reserving SSDT table memory at [mem 0x61f47000-0x61f486f6]
mai 02 19:41:06 pgvm-g15 kernel: ACPI: Reserving SSDT table memory at [mem 0x61f41000-0x61f422a8]
mai 02 19:41:06 pgvm-g15 kernel: ACPI: Reserving NHLT table memory at [mem 0x61f3f000-0x61f40b61]
mai 02 19:41:06 pgvm-g15 kernel: ACPI: Reserving SSDT table memory at [mem 0x61f3d000-0x61f3e0bf]
mai 02 19:41:06 pgvm-g15 kernel: ACPI: Reserving LPIT table memory at [mem 0x61f3c000-0x61f3c0cb]
mai 02 19:41:06 pgvm-g15 kernel: ACPI: Reserving SSDT table memory at [mem 0x61f3b000-0x61f3bb43]
mai 02 19:41:06 pgvm-g15 kernel: ACPI: Reserving SSDT table memory at [mem 0x61f31000-0x61f3a3e6]
mai 02 19:41:06 pgvm-g15 kernel: ACPI: Reserving DBGP table memory at [mem 0x61f30000-0x61f30033]
mai 02 19:41:06 pgvm-g15 kernel: ACPI: Reserving DBG2 table memory at [mem 0x61f2f000-0x61f2f053]
mai 02 19:41:06 pgvm-g15 kernel: ACPI: Reserving BOOT table memory at [mem 0x61f2e000-0x61f2e027]
mai 02 19:41:06 pgvm-g15 kernel: ACPI: Reserving DMAR table memory at [mem 0x61f2d000-0x61f2d087]
mai 02 19:41:06 pgvm-g15 kernel: ACPI: Reserving FPDT table memory at [mem 0x61f2c000-0x61f2c033]
mai 02 19:41:06 pgvm-g15 kernel: ACPI: Reserving SSDT table memory at [mem 0x61f20000-0x61f2a2bb]
mai 02 19:41:06 pgvm-g15 kernel: ACPI: Reserving SSDT table memory at [mem 0x61ffd000-0x61ffdd97]
mai 02 19:41:06 pgvm-g15 kernel: ACPI: Reserving SSDT table memory at [mem 0x61f43000-0x61f469d9]
mai 02 19:41:06 pgvm-g15 kernel: ACPI: Reserving SSDT table memory at [mem 0x61f1c000-0x61f1f9d9]
mai 02 19:41:06 pgvm-g15 kernel: ACPI: Reserving SSDT table memory at [mem 0x61f1b000-0x61f1b143]
mai 02 19:41:06 pgvm-g15 kernel: ACPI: Reserving PHAT table memory at [mem 0x61f1a000-0x61f1a505]
mai 02 19:41:06 pgvm-g15 kernel: ACPI: Reserving BGRT table memory at [mem 0x61f19000-0x61f19037]
mai 02 19:41:06 pgvm-g15 kernel: No NUMA configuration found
mai 02 19:41:06 pgvm-g15 kernel: Faking a node at [mem 0x0000000000000000-0x000000048f7fffff]
mai 02 19:41:06 pgvm-g15 kernel: NODE_DATA(0) allocated [mem 0x48f7d5000-0x48f7fffff]
mai 02 19:41:06 pgvm-g15 kernel: Zone ranges:
mai 02 19:41:06 pgvm-g15 kernel:   DMA      [mem 0x0000000000001000-0x0000000000ffffff]
mai 02 19:41:06 pgvm-g15 kernel:   DMA32    [mem 0x0000000001000000-0x00000000ffffffff]
mai 02 19:41:06 pgvm-g15 kernel:   Normal   [mem 0x0000000100000000-0x000000048f7fffff]
mai 02 19:41:06 pgvm-g15 kernel:   Device   empty
mai 02 19:41:06 pgvm-g15 kernel: Movable zone start for each node
mai 02 19:41:06 pgvm-g15 kernel: Early memory node ranges
mai 02 19:41:06 pgvm-g15 kernel:   node   0: [mem 0x0000000000001000-0x000000000009efff]
mai 02 19:41:06 pgvm-g15 kernel:   node   0: [mem 0x0000000000100000-0x000000005d514fff]
mai 02 19:41:06 pgvm-g15 kernel:   node   0: [mem 0x0000000061fff000-0x0000000061ffffff]
mai 02 19:41:06 pgvm-g15 kernel:   node   0: [mem 0x0000000100000000-0x000000048f7fffff]
mai 02 19:41:06 pgvm-g15 kernel: Initmem setup node 0 [mem 0x0000000000001000-0x000000048f7fffff]
mai 02 19:41:06 pgvm-g15 kernel: On node 0, zone DMA: 1 pages in unavailable ranges
mai 02 19:41:06 pgvm-g15 kernel: On node 0, zone DMA: 97 pages in unavailable ranges
mai 02 19:41:06 pgvm-g15 kernel: On node 0, zone DMA32: 19178 pages in unavailable ranges
mai 02 19:41:06 pgvm-g15 kernel: On node 0, zone Normal: 24576 pages in unavailable ranges
mai 02 19:41:06 pgvm-g15 kernel: On node 0, zone Normal: 2048 pages in unavailable ranges
mai 02 19:41:06 pgvm-g15 kernel: ACPI: PM-Timer IO Port: 0x1808
mai 02 19:41:06 pgvm-g15 kernel: ACPI: LAPIC_NMI (acpi_id[0x01] high edge lint[0x1])
mai 02 19:41:06 pgvm-g15 kernel: ACPI: LAPIC_NMI (acpi_id[0x02] high edge lint[0x1])
mai 02 19:41:06 pgvm-g15 kernel: ACPI: LAPIC_NMI (acpi_id[0x03] high edge lint[0x1])
mai 02 19:41:06 pgvm-g15 kernel: ACPI: LAPIC_NMI (acpi_id[0x04] high edge lint[0x1])
mai 02 19:41:06 pgvm-g15 kernel: ACPI: LAPIC_NMI (acpi_id[0x05] high edge lint[0x1])
mai 02 19:41:06 pgvm-g15 kernel: ACPI: LAPIC_NMI (acpi_id[0x06] high edge lint[0x1])
mai 02 19:41:06 pgvm-g15 kernel: ACPI: LAPIC_NMI (acpi_id[0x07] high edge lint[0x1])
mai 02 19:41:06 pgvm-g15 kernel: ACPI: LAPIC_NMI (acpi_id[0x08] high edge lint[0x1])
mai 02 19:41:06 pgvm-g15 kernel: ACPI: LAPIC_NMI (acpi_id[0x09] high edge lint[0x1])
mai 02 19:41:06 pgvm-g15 kernel: ACPI: LAPIC_NMI (acpi_id[0x0a] high edge lint[0x1])
mai 02 19:41:06 pgvm-g15 kernel: ACPI: LAPIC_NMI (acpi_id[0x0b] high edge lint[0x1])
mai 02 19:41:06 pgvm-g15 kernel: ACPI: LAPIC_NMI (acpi_id[0x0c] high edge lint[0x1])
mai 02 19:41:06 pgvm-g15 kernel: ACPI: LAPIC_NMI (acpi_id[0x0d] high edge lint[0x1])
mai 02 19:41:06 pgvm-g15 kernel: ACPI: LAPIC_NMI (acpi_id[0x0e] high edge lint[0x1])
mai 02 19:41:06 pgvm-g15 kernel: ACPI: LAPIC_NMI (acpi_id[0x0f] high edge lint[0x1])
mai 02 19:41:06 pgvm-g15 kernel: ACPI: LAPIC_NMI (acpi_id[0x10] high edge lint[0x1])
mai 02 19:41:06 pgvm-g15 kernel: ACPI: LAPIC_NMI (acpi_id[0x11] high edge lint[0x1])
mai 02 19:41:06 pgvm-g15 kernel: ACPI: LAPIC_NMI (acpi_id[0x12] high edge lint[0x1])
mai 02 19:41:06 pgvm-g15 kernel: ACPI: LAPIC_NMI (acpi_id[0x13] high edge lint[0x1])
mai 02 19:41:06 pgvm-g15 kernel: ACPI: LAPIC_NMI (acpi_id[0x14] high edge lint[0x1])
mai 02 19:41:06 pgvm-g15 kernel: ACPI: LAPIC_NMI (acpi_id[0x15] high edge lint[0x1])
mai 02 19:41:06 pgvm-g15 kernel: ACPI: LAPIC_NMI (acpi_id[0x16] high edge lint[0x1])
mai 02 19:41:06 pgvm-g15 kernel: ACPI: LAPIC_NMI (acpi_id[0x17] high edge lint[0x1])
mai 02 19:41:06 pgvm-g15 kernel: ACPI: LAPIC_NMI (acpi_id[0x00] high edge lint[0x1])
mai 02 19:41:06 pgvm-g15 kernel: IOAPIC[0]: apic_id 2, version 32, address 0xfec00000, GSI 0-119
mai 02 19:41:06 pgvm-g15 kernel: ACPI: INT_SRC_OVR (bus 0 bus_irq 0 global_irq 2 dfl dfl)
mai 02 19:41:06 pgvm-g15 kernel: ACPI: INT_SRC_OVR (bus 0 bus_irq 9 global_irq 9 high level)
mai 02 19:41:06 pgvm-g15 kernel: ACPI: Using ACPI (MADT) for SMP configuration information
mai 02 19:41:06 pgvm-g15 kernel: ACPI: HPET id: 0x8086a201 base: 0xfed00000
mai 02 19:41:06 pgvm-g15 kernel: e820: update [mem 0x5767e000-0x57699fff] usable ==> reserved
mai 02 19:41:06 pgvm-g15 kernel: TSC deadline timer available
mai 02 19:41:06 pgvm-g15 kernel: smpboot: Allowing 16 CPUs, 0 hotplug CPUs
mai 02 19:41:06 pgvm-g15 kernel: PM: hibernation: Registered nosave memory: [mem 0x00000000-0x00000fff]
mai 02 19:41:06 pgvm-g15 kernel: PM: hibernation: Registered nosave memory: [mem 0x0009f000-0x000fffff]
mai 02 19:41:06 pgvm-g15 kernel: PM: hibernation: Registered nosave memory: [mem 0x5764c000-0x5764cfff]
mai 02 19:41:06 pgvm-g15 kernel: PM: hibernation: Registered nosave memory: [mem 0x57671000-0x57671fff]
mai 02 19:41:06 pgvm-g15 kernel: PM: hibernation: Registered nosave memory: [mem 0x5767e000-0x57699fff]
mai 02 19:41:06 pgvm-g15 kernel: PM: hibernation: Registered nosave memory: [mem 0x5d515000-0x61510fff]
mai 02 19:41:06 pgvm-g15 kernel: PM: hibernation: Registered nosave memory: [mem 0x61511000-0x61d71fff]
mai 02 19:41:06 pgvm-g15 kernel: PM: hibernation: Registered nosave memory: [mem 0x61d72000-0x61ffefff]
mai 02 19:41:06 pgvm-g15 kernel: PM: hibernation: Registered nosave memory: [mem 0x62000000-0x663fffff]
mai 02 19:41:06 pgvm-g15 kernel: PM: hibernation: Registered nosave memory: [mem 0x66400000-0x66dfffff]
mai 02 19:41:06 pgvm-g15 kernel: PM: hibernation: Registered nosave memory: [mem 0x66e00000-0x707fffff]
mai 02 19:41:06 pgvm-g15 kernel: PM: hibernation: Registered nosave memory: [mem 0x70800000-0xbfffffff]
mai 02 19:41:06 pgvm-g15 kernel: PM: hibernation: Registered nosave memory: [mem 0xc0000000-0xcfffffff]
mai 02 19:41:06 pgvm-g15 kernel: PM: hibernation: Registered nosave memory: [mem 0xd0000000-0xf97fffff]
mai 02 19:41:06 pgvm-g15 kernel: PM: hibernation: Registered nosave memory: [mem 0xf9800000-0xf9ffffff]
mai 02 19:41:06 pgvm-g15 kernel: PM: hibernation: Registered nosave memory: [mem 0xfa000000-0xfed1ffff]
mai 02 19:41:06 pgvm-g15 kernel: PM: hibernation: Registered nosave memory: [mem 0xfed20000-0xfed7ffff]
mai 02 19:41:06 pgvm-g15 kernel: PM: hibernation: Registered nosave memory: [mem 0xfed80000-0xfeffffff]
mai 02 19:41:06 pgvm-g15 kernel: PM: hibernation: Registered nosave memory: [mem 0xff000000-0xffffffff]
mai 02 19:41:06 pgvm-g15 kernel: [mem 0x70800000-0xbfffffff] available for PCI devices
mai 02 19:41:06 pgvm-g15 kernel: Booting paravirtualized kernel on bare hardware
mai 02 19:41:06 pgvm-g15 kernel: clocksource: refined-jiffies: mask: 0xffffffff max_cycles: 0xffffffff, max_idle_ns: 7645519600211568 ns
mai 02 19:41:06 pgvm-g15 kernel: setup_percpu: NR_CPUS:8192 nr_cpumask_bits:16 nr_cpu_ids:16 nr_node_ids:1
mai 02 19:41:06 pgvm-g15 kernel: percpu: Embedded 61 pages/cpu s212992 r8192 d28672 u262144
mai 02 19:41:06 pgvm-g15 kernel: pcpu-alloc: s212992 r8192 d28672 u262144 alloc=1*2097152
mai 02 19:41:06 pgvm-g15 kernel: pcpu-alloc: [0] 00 01 02 03 04 05 06 07 [0] 08 09 10 11 12 13 14 15 
mai 02 19:41:06 pgvm-g15 kernel: Fallback order for Node 0: 0 
mai 02 19:41:06 pgvm-g15 kernel: Built 1 zonelists, mobility grouping on.  Total pages: 4051169
mai 02 19:41:06 pgvm-g15 kernel: Policy zone: Normal
mai 02 19:41:06 pgvm-g15 kernel: Kernel command line: BOOT_IMAGE=/boot/vmlinuz-6.1.0-060100-generic root=UUID=a82733ee-56b3-4440-9a28-0900e05b5f36 ro recovery nomodeset dis_ucode_ldr
mai 02 19:41:06 pgvm-g15 kernel: Booted with the nomodeset parameter. Only the system framebuffer will be available
mai 02 19:41:06 pgvm-g15 kernel: Unknown kernel command line parameters "recovery dis_ucode_ldr BOOT_IMAGE=/boot/vmlinuz-6.1.0-060100-generic", will be passed to user space.
mai 02 19:41:06 pgvm-g15 kernel: Dentry cache hash table entries: 2097152 (order: 12, 16777216 bytes, linear)
mai 02 19:41:06 pgvm-g15 kernel: Inode-cache hash table entries: 1048576 (order: 11, 8388608 bytes, linear)
mai 02 19:41:06 pgvm-g15 kernel: mem auto-init: stack:all(zero), heap alloc:on, heap free:off
mai 02 19:41:06 pgvm-g15 kernel: software IO TLB: area num 16.
mai 02 19:41:06 pgvm-g15 kernel: Memory: 15887112K/16462544K available (18440K kernel code, 4138K rwdata, 10972K rodata, 3176K init, 4808K bss, 575172K reserved, 0K cma-reserved)
mai 02 19:41:06 pgvm-g15 kernel: SLUB: HWalign=64, Order=0-3, MinObjects=0, CPUs=16, Nodes=1
mai 02 19:41:06 pgvm-g15 kernel: ftrace: allocating 52558 entries in 206 pages
mai 02 19:41:06 pgvm-g15 kernel: ftrace: allocated 206 pages with 5 groups
mai 02 19:41:06 pgvm-g15 kernel: Dynamic Preempt: voluntary
mai 02 19:41:06 pgvm-g15 kernel: rcu: Preemptible hierarchical RCU implementation.
mai 02 19:41:06 pgvm-g15 kernel: rcu:         RCU restricting CPUs from NR_CPUS=8192 to nr_cpu_ids=16.
mai 02 19:41:06 pgvm-g15 kernel:         Trampoline variant of Tasks RCU enabled.
mai 02 19:41:06 pgvm-g15 kernel:         Rude variant of Tasks RCU enabled.
mai 02 19:41:06 pgvm-g15 kernel:         Tracing variant of Tasks RCU enabled.
mai 02 19:41:06 pgvm-g15 kernel: rcu: RCU calculated value of scheduler-enlistment delay is 25 jiffies.
mai 02 19:41:06 pgvm-g15 kernel: rcu: Adjusting geometry for rcu_fanout_leaf=16, nr_cpu_ids=16
mai 02 19:41:06 pgvm-g15 kernel: NR_IRQS: 524544, nr_irqs: 2184, preallocated irqs: 16
mai 02 19:41:06 pgvm-g15 kernel: rcu: srcu_init: Setting srcu_struct sizes based on contention.
mai 02 19:41:06 pgvm-g15 kernel: Console: colour dummy device 80x25
mai 02 19:41:06 pgvm-g15 kernel: printk: console [tty0] enabled
mai 02 19:41:06 pgvm-g15 kernel: ACPI: Core revision 20220331
mai 02 19:41:06 pgvm-g15 kernel: hpet: HPET dysfunctional in PC10. Force disabled.
mai 02 19:41:06 pgvm-g15 kernel: APIC: Switch to symmetric I/O mode setup
mai 02 19:41:06 pgvm-g15 kernel: DMAR: Host address width 39
mai 02 19:41:06 pgvm-g15 kernel: DMAR: DRHD base: 0x000000fed90000 flags: 0x0
mai 02 19:41:06 pgvm-g15 kernel: DMAR: dmar0: reg_base_addr fed90000 ver 4:0 cap 1c0000c40660462 ecap 29a00f0505e
mai 02 19:41:06 pgvm-g15 kernel: DMAR: DRHD base: 0x000000fed91000 flags: 0x1
mai 02 19:41:06 pgvm-g15 kernel: DMAR: dmar1: reg_base_addr fed91000 ver 5:0 cap d2008c40660462 ecap f050da
mai 02 19:41:06 pgvm-g15 kernel: DMAR: RMRR base: 0x0000006c000000 end: 0x000000707fffff
mai 02 19:41:06 pgvm-g15 kernel: DMAR-IR: IOAPIC id 2 under DRHD base  0xfed91000 IOMMU 1
mai 02 19:41:06 pgvm-g15 kernel: DMAR-IR: HPET id 0 under DRHD base 0xfed91000
mai 02 19:41:06 pgvm-g15 kernel: DMAR-IR: Queued invalidation will be enabled to support x2apic and Intr-remapping.
mai 02 19:41:06 pgvm-g15 kernel: DMAR-IR: Enabled IRQ remapping in x2apic mode
mai 02 19:41:06 pgvm-g15 kernel: x2apic enabled
mai 02 19:41:06 pgvm-g15 kernel: Switched APIC routing to cluster x2apic.
mai 02 19:41:06 pgvm-g15 kernel: clocksource: tsc-early: mask: 0xffffffffffffffff max_cycles: 0x25a39079a08, max_idle_ns: 440795310461 ns
mai 02 19:41:06 pgvm-g15 kernel: Calibrating delay loop (skipped), value calculated using timer frequency.. 5222.40 BogoMIPS (lpj=10444800)
mai 02 19:41:06 pgvm-g15 kernel: pid_max: default: 32768 minimum: 301
mai 02 19:41:06 pgvm-g15 kernel: LSM: Security Framework initializing
mai 02 19:41:06 pgvm-g15 kernel: landlock: Up and running.
mai 02 19:41:06 pgvm-g15 kernel: Yama: becoming mindful.
mai 02 19:41:06 pgvm-g15 kernel: AppArmor: AppArmor initialized
mai 02 19:41:06 pgvm-g15 kernel: Mount-cache hash table entries: 32768 (order: 6, 262144 bytes, linear)
mai 02 19:41:06 pgvm-g15 kernel: Mountpoint-cache hash table entries: 32768 (order: 6, 262144 bytes, linear)
mai 02 19:41:06 pgvm-g15 kernel: CPU0: Thermal monitoring enabled (TM1)
mai 02 19:41:06 pgvm-g15 kernel: x86/cpu: User Mode Instruction Prevention (UMIP) activated
mai 02 19:41:06 pgvm-g15 kernel: process: using mwait in idle threads
mai 02 19:41:06 pgvm-g15 kernel: Last level iTLB entries: 4KB 0, 2MB 0, 4MB 0
mai 02 19:41:06 pgvm-g15 kernel: Last level dTLB entries: 4KB 0, 2MB 0, 4MB 0, 1GB 0
mai 02 19:41:06 pgvm-g15 kernel: Spectre V1 : Mitigation: usercopy/swapgs barriers and __user pointer sanitization
mai 02 19:41:06 pgvm-g15 kernel: Spectre V2 : Mitigation: Enhanced IBRS
mai 02 19:41:06 pgvm-g15 kernel: Spectre V2 : Spectre v2 / SpectreRSB mitigation: Filling RSB on context switch
mai 02 19:41:06 pgvm-g15 kernel: Spectre V2 : Spectre v2 / PBRSB-eIBRS: Retire a single CALL on VMEXIT
mai 02 19:41:06 pgvm-g15 kernel: Spectre V2 : mitigation: Enabling conditional Indirect Branch Prediction Barrier
mai 02 19:41:06 pgvm-g15 kernel: Speculative Store Bypass: Mitigation: Speculative Store Bypass disabled via prctl
mai 02 19:41:06 pgvm-g15 kernel: Freeing SMP alternatives memory: 44K
mai 02 19:41:06 pgvm-g15 kernel: smpboot: CPU0: 13th Gen Intel(R) Core(TM) i5-13450HX (family: 0x6, model: 0xb7, stepping: 0x1)
mai 02 19:41:06 pgvm-g15 kernel: cblist_init_generic: Setting adjustable number of callback queues.
mai 02 19:41:06 pgvm-g15 kernel: cblist_init_generic: Setting shift to 4 and lim to 1.
mai 02 19:41:06 pgvm-g15 kernel: cblist_init_generic: Setting shift to 4 and lim to 1.
mai 02 19:41:06 pgvm-g15 kernel: cblist_init_generic: Setting shift to 4 and lim to 1.
mai 02 19:41:06 pgvm-g15 kernel: Performance Events: XSAVE Architectural LBR, PEBS fmt4+-baseline,  AnyThread deprecated, Alderlake Hybrid events, 32-deep LBR, full-width counters, Intel PMU driver.
mai 02 19:41:06 pgvm-g15 kernel: core: cpu_core PMU driver: 
mai 02 19:41:06 pgvm-g15 kernel: ... version:                5
mai 02 19:41:06 pgvm-g15 kernel: ... bit width:              48
mai 02 19:41:06 pgvm-g15 kernel: ... generic registers:      8
mai 02 19:41:06 pgvm-g15 kernel: ... value mask:             0000ffffffffffff
mai 02 19:41:06 pgvm-g15 kernel: ... max period:             00007fffffffffff
mai 02 19:41:06 pgvm-g15 kernel: ... fixed-purpose events:   4
mai 02 19:41:06 pgvm-g15 kernel: ... event mask:             0001000f000000ff
mai 02 19:41:06 pgvm-g15 kernel: Estimated ratio of average max frequency by base frequency (times 1024): 1772
mai 02 19:41:06 pgvm-g15 kernel: rcu: Hierarchical SRCU implementation.
mai 02 19:41:06 pgvm-g15 kernel: rcu:         Max phase no-delay instances is 1000.
mai 02 19:41:06 pgvm-g15 kernel: NMI watchdog: Enabled. Permanently consumes one hw-PMU counter.
mai 02 19:41:06 pgvm-g15 kernel: smp: Bringing up secondary CPUs ...
mai 02 19:41:06 pgvm-g15 kernel: x86: Booting SMP configuration:
mai 02 19:41:06 pgvm-g15 kernel: .... node  #0, CPUs:        #1  #2  #3  #4  #5  #6  #7  #8  #9 #10 #11 #12
mai 02 19:41:06 pgvm-g15 kernel: core: cpu_atom PMU driver: PEBS-via-PT 
mai 02 19:41:06 pgvm-g15 kernel: ... version:                5
mai 02 19:41:06 pgvm-g15 kernel: ... bit width:              48
mai 02 19:41:06 pgvm-g15 kernel: ... generic registers:      6
mai 02 19:41:06 pgvm-g15 kernel: ... value mask:             0000ffffffffffff
mai 02 19:41:06 pgvm-g15 kernel: ... max period:             00007fffffffffff
mai 02 19:41:06 pgvm-g15 kernel: ... fixed-purpose events:   3
mai 02 19:41:06 pgvm-g15 kernel: ... event mask:             000000070000003f
mai 02 19:41:06 pgvm-g15 kernel:  #13 #14 #15
mai 02 19:41:06 pgvm-g15 kernel: smp: Brought up 1 node, 16 CPUs
mai 02 19:41:06 pgvm-g15 kernel: smpboot: Max logical packages: 1
mai 02 19:41:06 pgvm-g15 kernel: smpboot: Total of 16 processors activated (83558.40 BogoMIPS)
mai 02 19:41:06 pgvm-g15 kernel: devtmpfs: initialized
mai 02 19:41:06 pgvm-g15 kernel: x86/mm: Memory block size: 128MB
mai 02 19:41:06 pgvm-g15 kernel: ACPI: PM: Registering ACPI NVS region [mem 0x61511000-0x61d71fff] (8785920 bytes)
mai 02 19:41:06 pgvm-g15 kernel: clocksource: jiffies: mask: 0xffffffff max_cycles: 0xffffffff, max_idle_ns: 7645041785100000 ns
mai 02 19:41:06 pgvm-g15 kernel: futex hash table entries: 4096 (order: 6, 262144 bytes, linear)
mai 02 19:41:06 pgvm-g15 kernel: pinctrl core: initialized pinctrl subsystem
mai 02 19:41:06 pgvm-g15 kernel: PM: RTC time: 22:41:03, date: 2026-05-02
mai 02 19:41:06 pgvm-g15 kernel: NET: Registered PF_NETLINK/PF_ROUTE protocol family
mai 02 19:41:06 pgvm-g15 kernel: DMA: preallocated 2048 KiB GFP_KERNEL pool for atomic allocations
mai 02 19:41:06 pgvm-g15 kernel: DMA: preallocated 2048 KiB GFP_KERNEL|GFP_DMA pool for atomic allocations
mai 02 19:41:06 pgvm-g15 kernel: DMA: preallocated 2048 KiB GFP_KERNEL|GFP_DMA32 pool for atomic allocations
mai 02 19:41:06 pgvm-g15 kernel: audit: initializing netlink subsys (disabled)
mai 02 19:41:06 pgvm-g15 kernel: audit: type=2000 audit(1777761663.032:1): state=initialized audit_enabled=0 res=1
mai 02 19:41:06 pgvm-g15 kernel: thermal_sys: Registered thermal governor 'fair_share'
mai 02 19:41:06 pgvm-g15 kernel: thermal_sys: Registered thermal governor 'bang_bang'
mai 02 19:41:06 pgvm-g15 kernel: thermal_sys: Registered thermal governor 'step_wise'
mai 02 19:41:06 pgvm-g15 kernel: thermal_sys: Registered thermal governor 'user_space'
mai 02 19:41:06 pgvm-g15 kernel: thermal_sys: Registered thermal governor 'power_allocator'
mai 02 19:41:06 pgvm-g15 kernel: EISA bus registered
mai 02 19:41:06 pgvm-g15 kernel: cpuidle: using governor ladder
mai 02 19:41:06 pgvm-g15 kernel: cpuidle: using governor menu
mai 02 19:41:06 pgvm-g15 kernel: Simple Boot Flag at 0x47 set to 0x80
mai 02 19:41:06 pgvm-g15 kernel: ACPI FADT declares the system doesn't support PCIe ASPM, so disable it
mai 02 19:41:06 pgvm-g15 kernel: acpiphp: ACPI Hot Plug PCI Controller Driver version: 0.5
mai 02 19:41:06 pgvm-g15 kernel: PCI: MMCONFIG for domain 0000 [bus 00-ff] at [mem 0xc0000000-0xcfffffff] (base 0xc0000000)
mai 02 19:41:06 pgvm-g15 kernel: PCI: MMCONFIG at [mem 0xc0000000-0xcfffffff] reserved in E820
mai 02 19:41:06 pgvm-g15 kernel: PCI: Using configuration type 1 for base access
mai 02 19:41:06 pgvm-g15 kernel: ENERGY_PERF_BIAS: Set to 'normal', was 'performance'
mai 02 19:41:06 pgvm-g15 kernel: kprobes: kprobe jump-optimization is enabled. All kprobes are optimized if possible.
mai 02 19:41:06 pgvm-g15 kernel: HugeTLB: registered 1.00 GiB page size, pre-allocated 0 pages
mai 02 19:41:06 pgvm-g15 kernel: HugeTLB: 16380 KiB vmemmap can be freed for a 1.00 GiB page
mai 02 19:41:06 pgvm-g15 kernel: HugeTLB: registered 2.00 MiB page size, pre-allocated 0 pages
mai 02 19:41:06 pgvm-g15 kernel: HugeTLB: 28 KiB vmemmap can be freed for a 2.00 MiB page
mai 02 19:41:06 pgvm-g15 kernel: fbcon: Taking over console
mai 02 19:41:06 pgvm-g15 kernel: ACPI: Added _OSI(Module Device)
mai 02 19:41:06 pgvm-g15 kernel: ACPI: Added _OSI(Processor Device)
mai 02 19:41:06 pgvm-g15 kernel: ACPI: Added _OSI(3.0 _SCP Extensions)
mai 02 19:41:06 pgvm-g15 kernel: ACPI: Added _OSI(Processor Aggregator Device)
mai 02 19:41:06 pgvm-g15 kernel: ================================================================================
mai 02 19:41:06 pgvm-g15 kernel: UBSAN: array-index-out-of-bounds in /home/kernel/COD/linux/drivers/acpi/acpica/dswexec.c:401:12
mai 02 19:41:06 pgvm-g15 kernel: index -1 is out of range for type 'acpi_operand_object *[9]'
mai 02 19:41:06 pgvm-g15 kernel: CPU: 11 PID: 1 Comm: swapper/0 Not tainted 6.1.0-060100-generic #202303090726
mai 02 19:41:06 pgvm-g15 kernel: Hardware name: Dell Inc. Dell G15 5530/0PP1KF, BIOS 1.31.0 12/24/2025
mai 02 19:41:06 pgvm-g15 kernel: Call Trace:
mai 02 19:41:06 pgvm-g15 kernel:  <TASK>
mai 02 19:41:06 pgvm-g15 kernel:  show_stack+0x4e/0x61
mai 02 19:41:06 pgvm-g15 kernel:  dump_stack_lvl+0x4a/0x6f
mai 02 19:41:06 pgvm-g15 kernel:  dump_stack+0x10/0x18
mai 02 19:41:06 pgvm-g15 kernel:  ubsan_epilogue+0x9/0x43
mai 02 19:41:06 pgvm-g15 kernel:  __ubsan_handle_out_of_bounds.cold+0x42/0x47
mai 02 19:41:06 pgvm-g15 kernel:  acpi_ds_exec_end_op+0x1ca/0x828
mai 02 19:41:06 pgvm-g15 kernel:  acpi_ps_parse_loop+0x58d/0x678
mai 02 19:41:06 pgvm-g15 kernel:  acpi_ps_parse_aml+0x2e6/0x59e
mai 02 19:41:06 pgvm-g15 kernel:  acpi_ps_execute_table+0xd3/0x149
mai 02 19:41:06 pgvm-g15 kernel:  acpi_ns_execute_table+0x27c/0x338
mai 02 19:41:06 pgvm-g15 kernel:  acpi_ns_parse_table+0x7b/0xbc
mai 02 19:41:06 pgvm-g15 kernel:  acpi_ns_load_table+0x96/0x1dc
mai 02 19:41:06 pgvm-g15 kernel:  acpi_tb_load_namespace+0x174/0x29a
mai 02 19:41:06 pgvm-g15 kernel:  ? acpi_bus_init+0x27a/0x27a
mai 02 19:41:06 pgvm-g15 kernel:  acpi_load_tables+0x6e/0xd9
mai 02 19:41:06 pgvm-g15 kernel:  ? acpi_bus_init+0x27a/0x27a
mai 02 19:41:06 pgvm-g15 kernel:  acpi_bus_init+0x27/0x27a
mai 02 19:41:06 pgvm-g15 kernel:  ? acpi_install_address_space_handler+0x10e/0x12f
mai 02 19:41:06 pgvm-g15 kernel:  ? pcc_rx_callback+0x20/0x20
mai 02 19:41:06 pgvm-g15 kernel:  ? acpi_bus_init+0x27a/0x27a
mai 02 19:41:06 pgvm-g15 kernel:  ? acpi_bus_init+0x27a/0x27a
mai 02 19:41:06 pgvm-g15 kernel:  acpi_init+0x88/0x14b
mai 02 19:41:06 pgvm-g15 kernel:  ? acpi_bus_init+0x27a/0x27a
mai 02 19:41:06 pgvm-g15 kernel:  do_one_initcall+0x5b/0x240
mai 02 19:41:06 pgvm-g15 kernel:  do_initcalls+0x131/0x16b
mai 02 19:41:06 pgvm-g15 kernel:  kernel_init_freeable+0xf6/0x137
mai 02 19:41:06 pgvm-g15 kernel:  ? rest_init+0x100/0x100
mai 02 19:41:06 pgvm-g15 kernel:  kernel_init+0x1b/0x170
mai 02 19:41:06 pgvm-g15 kernel:  ? rest_init+0x100/0x100
mai 02 19:41:06 pgvm-g15 kernel:  ret_from_fork+0x1f/0x30
mai 02 19:41:06 pgvm-g15 kernel:  </TASK>
mai 02 19:41:06 pgvm-g15 kernel: ================================================================================
mai 02 19:41:06 pgvm-g15 kernel: ACPI: 15 ACPI AML tables successfully acquired and loaded
mai 02 19:41:06 pgvm-g15 kernel: ACPI: Dynamic OEM Table Load:
mai 02 19:41:06 pgvm-g15 kernel: ACPI: SSDT 0xFFFF9DC1029A3400 0001AB (v02 PmRef  Cpu0Psd  00003000 INTL 20200717)
mai 02 19:41:06 pgvm-g15 kernel: ACPI: \_SB_.PR00: _OSC native thermal LVT Acked
mai 02 19:41:06 pgvm-g15 kernel: ACPI: Dynamic OEM Table Load:
mai 02 19:41:06 pgvm-g15 kernel: ACPI: SSDT 0xFFFF9DC1015CB000 000540 (v02 PmRef  Cpu0Cst  00003001 INTL 20200717)
mai 02 19:41:06 pgvm-g15 kernel: ACPI: Dynamic OEM Table Load:
mai 02 19:41:06 pgvm-g15 kernel: ACPI: SSDT 0xFFFF9DC1015CA800 000581 (v02 PmRef  Cpu0Ist  00003000 INTL 20200717)
mai 02 19:41:06 pgvm-g15 kernel: ACPI: Dynamic OEM Table Load:
mai 02 19:41:06 pgvm-g15 kernel: ACPI: SSDT 0xFFFF9DC1015C9000 0004CF (v02 PmRef  Cpu0Hwp  00003000 INTL 20200717)
mai 02 19:41:06 pgvm-g15 kernel: ACPI: Dynamic OEM Table Load:
mai 02 19:41:06 pgvm-g15 kernel: ACPI: SSDT 0xFFFF9DC1015A6000 001BAF (v02 PmRef  ApIst    00003000 INTL 20200717)
mai 02 19:41:06 pgvm-g15 kernel: ACPI: Dynamic OEM Table Load:
mai 02 19:41:06 pgvm-g15 kernel: ACPI: SSDT 0xFFFF9DC1015A0000 001038 (v02 PmRef  ApHwp    00003000 INTL 20200717)
mai 02 19:41:06 pgvm-g15 kernel: ACPI: Dynamic OEM Table Load:
mai 02 19:41:06 pgvm-g15 kernel: ACPI: SSDT 0xFFFF9DC102A26000 001349 (v02 PmRef  ApPsd    00003000 INTL 20200717)
mai 02 19:41:06 pgvm-g15 kernel: ACPI: Dynamic OEM Table Load:
mai 02 19:41:06 pgvm-g15 kernel: ACPI: SSDT 0xFFFF9DC1015C1000 000FBB (v02 PmRef  ApCst    00003000 INTL 20200717)
mai 02 19:41:06 pgvm-g15 kernel: ACPI: EC: EC started
mai 02 19:41:06 pgvm-g15 kernel: ACPI: EC: interrupt blocked
mai 02 19:41:06 pgvm-g15 kernel: ACPI: EC: EC_CMD/EC_SC=0x934, EC_DATA=0x930
mai 02 19:41:06 pgvm-g15 kernel: ACPI: \_SB_.PC00.LPCB.ECDV: Boot DSDT EC used to handle transactions
mai 02 19:41:06 pgvm-g15 kernel: ACPI: Interpreter enabled
mai 02 19:41:06 pgvm-g15 kernel: ACPI: PM: (supports S0 S4 S5)
mai 02 19:41:06 pgvm-g15 kernel: ACPI: Using IOAPIC for interrupt routing
mai 02 19:41:06 pgvm-g15 kernel: PCI: Using host bridge windows from ACPI; if necessary, use "pci=nocrs" and report a bug
mai 02 19:41:06 pgvm-g15 kernel: PCI: Ignoring E820 reservations for host bridge windows
mai 02 19:41:06 pgvm-g15 kernel: ACPI: Enabled 8 GPEs in block 00 to 7F
mai 02 19:41:06 pgvm-g15 kernel: ACPI: PM: Power Resource [PG00]
mai 02 19:41:06 pgvm-g15 kernel: ACPI: PM: Power Resource [PG01]
mai 02 19:41:06 pgvm-g15 kernel: ACPI: PM: Power Resource [PG02]
mai 02 19:41:06 pgvm-g15 kernel: ACPI: PM: Power Resource [BTRT]
mai 02 19:41:06 pgvm-g15 kernel: ACPI: PM: Power Resource [WRST]
mai 02 19:41:06 pgvm-g15 kernel: ACPI: PM: Power Resource [PIN]
mai 02 19:41:06 pgvm-g15 kernel: ACPI: PCI Root Bridge [PC00] (domain 0000 [bus 00-fe])
mai 02 19:41:06 pgvm-g15 kernel: acpi PNP0A08:00: _OSC: OS supports [ExtendedConfig ASPM ClockPM Segments MSI EDR HPX-Type3]
mai 02 19:41:06 pgvm-g15 kernel: acpi PNP0A08:00: _OSC: OS now controls [PCIeHotplug SHPCHotplug PME AER PCIeCapability LTR DPC]
mai 02 19:41:06 pgvm-g15 kernel: acpi PNP0A08:00: FADT indicates ASPM is unsupported, using BIOS configuration
mai 02 19:41:06 pgvm-g15 kernel: PCI host bridge to bus 0000:00
mai 02 19:41:06 pgvm-g15 kernel: pci_bus 0000:00: root bus resource [io  0x0000-0x0cf7 window]
mai 02 19:41:06 pgvm-g15 kernel: pci_bus 0000:00: root bus resource [io  0x0d00-0xffff window]
mai 02 19:41:06 pgvm-g15 kernel: pci_bus 0000:00: root bus resource [mem 0x000a0000-0x000bffff window]
mai 02 19:41:06 pgvm-g15 kernel: pci_bus 0000:00: root bus resource [mem 0x70800000-0xbfffffff window]
mai 02 19:41:06 pgvm-g15 kernel: pci_bus 0000:00: root bus resource [mem 0x4000000000-0x7fffffffff window]
mai 02 19:41:06 pgvm-g15 kernel: pci_bus 0000:00: root bus resource [bus 00-fe]
mai 02 19:41:06 pgvm-g15 kernel: pci 0000:00:00.0: [8086:a719] type 00 class 0x060000
mai 02 19:41:06 pgvm-g15 kernel: pci 0000:00:01.0: [8086:a70d] type 01 class 0x060400
mai 02 19:41:06 pgvm-g15 kernel: pci 0000:00:01.0: PME# supported from D0 D3hot D3cold
mai 02 19:41:06 pgvm-g15 kernel: pci 0000:00:01.0: PTM enabled (root), 4ns granularity
mai 02 19:41:06 pgvm-g15 kernel: pci 0000:00:02.0: [8086:a78b] type 00 class 0x038000
mai 02 19:41:06 pgvm-g15 kernel: pci 0000:00:02.0: reg 0x10: [mem 0x6202000000-0x6202ffffff 64bit]
mai 02 19:41:06 pgvm-g15 kernel: pci 0000:00:02.0: reg 0x18: [mem 0x4000000000-0x400fffffff 64bit pref]
mai 02 19:41:06 pgvm-g15 kernel: pci 0000:00:02.0: reg 0x20: [io  0x5000-0x503f]
mai 02 19:41:06 pgvm-g15 kernel: pci 0000:00:02.0: DMAR: Skip IOMMU disabling for graphics
mai 02 19:41:06 pgvm-g15 kernel: pci 0000:00:02.0: reg 0x344: [mem 0x00000000-0x00ffffff 64bit]
mai 02 19:41:06 pgvm-g15 kernel: pci 0000:00:02.0: VF(n) BAR0 space: [mem 0x00000000-0x06ffffff 64bit] (contains BAR0 for 7 VFs)
mai 02 19:41:06 pgvm-g15 kernel: pci 0000:00:02.0: reg 0x34c: [mem 0x00000000-0x1fffffff 64bit pref]
mai 02 19:41:06 pgvm-g15 kernel: pci 0000:00:02.0: VF(n) BAR2 space: [mem 0x00000000-0xdfffffff 64bit pref] (contains BAR2 for 7 VFs)
mai 02 19:41:06 pgvm-g15 kernel: pci 0000:00:04.0: [8086:a71d] type 00 class 0x118000
mai 02 19:41:06 pgvm-g15 kernel: pci 0000:00:04.0: reg 0x10: [mem 0x6203100000-0x620311ffff 64bit]
mai 02 19:41:06 pgvm-g15 kernel: pci 0000:00:12.0: [8086:7a78] type 00 class 0x070000
mai 02 19:41:06 pgvm-g15 kernel: pci 0000:00:12.0: reg 0x10: [mem 0x6203130000-0x620313ffff 64bit]
mai 02 19:41:06 pgvm-g15 kernel: pci 0000:00:12.0: PME# supported from D0 D3hot
mai 02 19:41:06 pgvm-g15 kernel: pci 0000:00:14.0: [8086:7a60] type 00 class 0x0c0330
mai 02 19:41:06 pgvm-g15 kernel: pci 0000:00:14.0: reg 0x10: [mem 0x6203120000-0x620312ffff 64bit]
mai 02 19:41:06 pgvm-g15 kernel: pci 0000:00:14.0: PME# supported from D3hot D3cold
mai 02 19:41:06 pgvm-g15 kernel: pci 0000:00:14.2: [8086:7a27] type 00 class 0x050000
mai 02 19:41:06 pgvm-g15 kernel: pci 0000:00:14.2: reg 0x10: [mem 0x6203148000-0x620314bfff 64bit]
mai 02 19:41:06 pgvm-g15 kernel: pci 0000:00:14.2: reg 0x18: [mem 0x6203150000-0x6203150fff 64bit]
mai 02 19:41:06 pgvm-g15 kernel: pci 0000:00:14.3: [8086:7a70] type 00 class 0x028000
mai 02 19:41:06 pgvm-g15 kernel: pci 0000:00:14.3: reg 0x10: [mem 0x6203144000-0x6203147fff 64bit]
mai 02 19:41:06 pgvm-g15 kernel: pci 0000:00:14.3: PME# supported from D0 D3hot D3cold
mai 02 19:41:06 pgvm-g15 kernel: pci 0000:00:15.0: [8086:7a4c] type 00 class 0x0c8000
mai 02 19:41:06 pgvm-g15 kernel: pci 0000:00:15.0: reg 0x10: [mem 0x00000000-0x00000fff 64bit]
mai 02 19:41:06 pgvm-g15 kernel: pci 0000:00:15.1: [8086:7a4d] type 00 class 0x0c8000
mai 02 19:41:06 pgvm-g15 kernel: pci 0000:00:15.1: reg 0x10: [mem 0x00000000-0x00000fff 64bit]
mai 02 19:41:06 pgvm-g15 kernel: pci 0000:00:16.0: [8086:7a68] type 00 class 0x078000
mai 02 19:41:06 pgvm-g15 kernel: pci 0000:00:16.0: reg 0x10: [mem 0x620314d000-0x620314dfff 64bit]
mai 02 19:41:06 pgvm-g15 kernel: pci 0000:00:16.0: PME# supported from D3hot
mai 02 19:41:06 pgvm-g15 kernel: pci 0000:00:1a.0: [8086:7a48] type 01 class 0x060400
mai 02 19:41:06 pgvm-g15 kernel: pci 0000:00:1a.0: PME# supported from D0 D3hot D3cold
mai 02 19:41:06 pgvm-g15 kernel: pci 0000:00:1a.0: PTM enabled (root), 4ns granularity
mai 02 19:41:06 pgvm-g15 kernel: pci 0000:00:1b.0: [8086:7a44] type 01 class 0x060400
mai 02 19:41:06 pgvm-g15 kernel: pci 0000:00:1b.0: PME# supported from D0 D3hot D3cold
mai 02 19:41:06 pgvm-g15 kernel: pci 0000:00:1b.0: PTM enabled (root), 4ns granularity
mai 02 19:41:06 pgvm-g15 kernel: pci 0000:00:1c.0: [8086:7a3e] type 01 class 0x060400
mai 02 19:41:06 pgvm-g15 kernel: pci 0000:00:1c.0: PME# supported from D0 D3hot D3cold
mai 02 19:41:06 pgvm-g15 kernel: pci 0000:00:1c.0: PTM enabled (root), 4ns granularity
mai 02 19:41:06 pgvm-g15 kernel: pci 0000:00:1f.0: [8086:7a0c] type 00 class 0x060100
mai 02 19:41:06 pgvm-g15 kernel: pci 0000:00:1f.3: [8086:7a50] type 00 class 0x040100
mai 02 19:41:06 pgvm-g15 kernel: pci 0000:00:1f.3: reg 0x10: [mem 0x6203140000-0x6203143fff 64bit]
mai 02 19:41:06 pgvm-g15 kernel: pci 0000:00:1f.3: reg 0x20: [mem 0x6203000000-0x62030fffff 64bit]
mai 02 19:41:06 pgvm-g15 kernel: pci 0000:00:1f.3: PME# supported from D3hot D3cold
mai 02 19:41:06 pgvm-g15 kernel: pci 0000:00:1f.4: [8086:7a23] type 00 class 0x0c0500
mai 02 19:41:06 pgvm-g15 kernel: pci 0000:00:1f.4: reg 0x10: [mem 0x620314c000-0x620314c0ff 64bit]
mai 02 19:41:06 pgvm-g15 kernel: pci 0000:00:1f.4: reg 0x20: [io  0xefa0-0xefbf]
mai 02 19:41:06 pgvm-g15 kernel: pci 0000:00:1f.5: [8086:7a24] type 00 class 0x0c8000
mai 02 19:41:06 pgvm-g15 kernel: pci 0000:00:1f.5: reg 0x10: [mem 0xfe010000-0xfe010fff]
mai 02 19:41:06 pgvm-g15 kernel: pci 0000:01:00.0: [10de:28e1] type 00 class 0x030000
mai 02 19:41:06 pgvm-g15 kernel: pci 0000:01:00.0: reg 0x10: [mem 0x71000000-0x71ffffff]
mai 02 19:41:06 pgvm-g15 kernel: pci 0000:01:00.0: reg 0x14: [mem 0x6000000000-0x61ffffffff 64bit pref]
mai 02 19:41:06 pgvm-g15 kernel: pci 0000:01:00.0: reg 0x1c: [mem 0x6200000000-0x6201ffffff 64bit pref]
mai 02 19:41:06 pgvm-g15 kernel: pci 0000:01:00.0: reg 0x24: [io  0x4000-0x407f]
mai 02 19:41:06 pgvm-g15 kernel: pci 0000:01:00.0: reg 0x30: [mem 0xfff80000-0xffffffff pref]
mai 02 19:41:06 pgvm-g15 kernel: pci 0000:01:00.0: BAR 1: assigned to efifb
mai 02 19:41:06 pgvm-g15 kernel: pci 0000:01:00.0: PME# supported from D0 D3hot
mai 02 19:41:06 pgvm-g15 kernel: pci 0000:01:00.0: 16.000 Gb/s available PCIe bandwidth, limited by 2.5 GT/s PCIe x8 link at 0000:00:01.0 (capable of 126.024 Gb/s with 16.0 GT/s PCIe x8 link)
mai 02 19:41:06 pgvm-g15 kernel: pci 0000:01:00.1: [10de:22be] type 00 class 0x040300
mai 02 19:41:06 pgvm-g15 kernel: pci 0000:01:00.1: reg 0x10: [mem 0x72000000-0x72003fff]
mai 02 19:41:06 pgvm-g15 kernel: pci 0000:00:01.0: PCI bridge to [bus 01]
mai 02 19:41:06 pgvm-g15 kernel: pci 0000:00:01.0:   bridge window [io  0x4000-0x4fff]
mai 02 19:41:06 pgvm-g15 kernel: pci 0000:00:01.0:   bridge window [mem 0x71000000-0x720fffff]
mai 02 19:41:06 pgvm-g15 kernel: pci 0000:00:01.0:   bridge window [mem 0x6000000000-0x6201ffffff 64bit pref]
mai 02 19:41:06 pgvm-g15 kernel: pci 0000:02:00.0: [2646:5028] type 00 class 0x010802
mai 02 19:41:06 pgvm-g15 kernel: pci 0000:02:00.0: reg 0x10: [mem 0x72300000-0x72303fff 64bit]
mai 02 19:41:06 pgvm-g15 kernel: pci 0000:00:1a.0: PCI bridge to [bus 02]
mai 02 19:41:06 pgvm-g15 kernel: pci 0000:00:1a.0:   bridge window [mem 0x72300000-0x723fffff]
mai 02 19:41:06 pgvm-g15 kernel: pci 0000:03:00.0: [15b7:5015] type 00 class 0x010802
mai 02 19:41:06 pgvm-g15 kernel: pci 0000:03:00.0: reg 0x10: [mem 0x72200000-0x72203fff 64bit]
mai 02 19:41:06 pgvm-g15 kernel: pci 0000:00:1b.0: PCI bridge to [bus 03]
mai 02 19:41:06 pgvm-g15 kernel: pci 0000:00:1b.0:   bridge window [mem 0x72200000-0x722fffff]
mai 02 19:41:06 pgvm-g15 kernel: pci 0000:04:00.0: [10ec:8168] type 00 class 0x020000
mai 02 19:41:06 pgvm-g15 kernel: pci 0000:04:00.0: reg 0x10: [io  0x3000-0x30ff]
mai 02 19:41:06 pgvm-g15 kernel: pci 0000:04:00.0: reg 0x18: [mem 0x72104000-0x72104fff 64bit]
mai 02 19:41:06 pgvm-g15 kernel: pci 0000:04:00.0: reg 0x20: [mem 0x72100000-0x72103fff 64bit]
mai 02 19:41:06 pgvm-g15 kernel: pci 0000:04:00.0: supports D1 D2
mai 02 19:41:06 pgvm-g15 kernel: pci 0000:04:00.0: PME# supported from D0 D1 D2 D3hot D3cold
mai 02 19:41:06 pgvm-g15 kernel: pci 0000:00:1c.0: PCI bridge to [bus 04]
mai 02 19:41:06 pgvm-g15 kernel: pci 0000:00:1c.0:   bridge window [io  0x3000-0x3fff]
mai 02 19:41:06 pgvm-g15 kernel: pci 0000:00:1c.0:   bridge window [mem 0x72100000-0x721fffff]
mai 02 19:41:06 pgvm-g15 kernel: Low-power S0 idle used by default for system suspend
mai 02 19:41:06 pgvm-g15 kernel: ACPI: EC: interrupt unblocked
mai 02 19:41:06 pgvm-g15 kernel: ACPI: EC: event unblocked
mai 02 19:41:06 pgvm-g15 kernel: ACPI: EC: EC_CMD/EC_SC=0x934, EC_DATA=0x930
mai 02 19:41:06 pgvm-g15 kernel: ACPI: EC: GPE=0x6e
mai 02 19:41:06 pgvm-g15 kernel: ACPI: \_SB_.PC00.LPCB.ECDV: Boot DSDT EC initialization complete
mai 02 19:41:06 pgvm-g15 kernel: ACPI: \_SB_.PC00.LPCB.ECDV: EC: Used to handle transactions and events
mai 02 19:41:06 pgvm-g15 kernel: iommu: Default domain type: Translated 
mai 02 19:41:06 pgvm-g15 kernel: iommu: DMA domain TLB invalidation policy: lazy mode 
mai 02 19:41:06 pgvm-g15 kernel: SCSI subsystem initialized
mai 02 19:41:06 pgvm-g15 kernel: libata version 3.00 loaded.
mai 02 19:41:06 pgvm-g15 kernel: ACPI: bus type USB registered
mai 02 19:41:06 pgvm-g15 kernel: usbcore: registered new interface driver usbfs
mai 02 19:41:06 pgvm-g15 kernel: usbcore: registered new interface driver hub
mai 02 19:41:06 pgvm-g15 kernel: usbcore: registered new device driver usb
mai 02 19:41:06 pgvm-g15 kernel: pps_core: LinuxPPS API ver. 1 registered
mai 02 19:41:06 pgvm-g15 kernel: pps_core: Software ver. 5.3.6 - Copyright 2005-2007 Rodolfo Giometti <giometti@linux.it>
mai 02 19:41:06 pgvm-g15 kernel: PTP clock support registered
mai 02 19:41:06 pgvm-g15 kernel: EDAC MC: Ver: 3.0.0
mai 02 19:41:06 pgvm-g15 kernel: Registered efivars operations
mai 02 19:41:06 pgvm-g15 kernel: NetLabel: Initializing
mai 02 19:41:06 pgvm-g15 kernel: NetLabel:  domain hash size = 128
mai 02 19:41:06 pgvm-g15 kernel: NetLabel:  protocols = UNLABELED CIPSOv4 CALIPSO
mai 02 19:41:06 pgvm-g15 kernel: NetLabel:  unlabeled traffic allowed by default
mai 02 19:41:06 pgvm-g15 kernel: mctp: management component transport protocol core
mai 02 19:41:06 pgvm-g15 kernel: NET: Registered PF_MCTP protocol family
mai 02 19:41:06 pgvm-g15 kernel: PCI: Using ACPI for IRQ routing
mai 02 19:41:06 pgvm-g15 kernel: PCI: pci_cache_line_size set to 64 bytes
mai 02 19:41:06 pgvm-g15 kernel: pci 0000:00:1f.5: can't claim BAR 0 [mem 0xfe010000-0xfe010fff]: no compatible bridge window
mai 02 19:41:06 pgvm-g15 kernel: e820: reserve RAM buffer [mem 0x0009f000-0x0009ffff]
mai 02 19:41:06 pgvm-g15 kernel: e820: reserve RAM buffer [mem 0x5764c018-0x57ffffff]
mai 02 19:41:06 pgvm-g15 kernel: e820: reserve RAM buffer [mem 0x5767e000-0x57ffffff]
mai 02 19:41:06 pgvm-g15 kernel: e820: reserve RAM buffer [mem 0x5d515000-0x5fffffff]
mai 02 19:41:06 pgvm-g15 kernel: e820: reserve RAM buffer [mem 0x62000000-0x63ffffff]
mai 02 19:41:06 pgvm-g15 kernel: e820: reserve RAM buffer [mem 0x48f800000-0x48fffffff]
mai 02 19:41:06 pgvm-g15 kernel: pci 0000:01:00.0: vgaarb: setting as boot VGA device
mai 02 19:41:06 pgvm-g15 kernel: pci 0000:01:00.0: vgaarb: bridge control possible
mai 02 19:41:06 pgvm-g15 kernel: pci 0000:01:00.0: vgaarb: VGA device added: decodes=io+mem,owns=none,locks=none
mai 02 19:41:06 pgvm-g15 kernel: vgaarb: loaded
mai 02 19:41:06 pgvm-g15 kernel: clocksource: Switched to clocksource tsc-early
mai 02 19:41:06 pgvm-g15 kernel: VFS: Disk quotas dquot_6.6.0
mai 02 19:41:06 pgvm-g15 kernel: VFS: Dquot-cache hash table entries: 512 (order 0, 4096 bytes)
mai 02 19:41:06 pgvm-g15 kernel: AppArmor: AppArmor Filesystem Enabled
mai 02 19:41:06 pgvm-g15 kernel: pnp: PnP ACPI init
mai 02 19:41:06 pgvm-g15 kernel: system 00:00: [io  0x0680-0x069f] has been reserved
mai 02 19:41:06 pgvm-g15 kernel: system 00:00: [io  0x164e-0x164f] has been reserved
mai 02 19:41:06 pgvm-g15 kernel: system 00:02: [io  0x1854-0x1857] has been reserved
mai 02 19:41:06 pgvm-g15 kernel: pnp 00:05: disabling [mem 0xc0000000-0xcfffffff] because it overlaps 0000:00:02.0 BAR 9 [mem 0x00000000-0xdfffffff 64bit pref]
mai 02 19:41:06 pgvm-g15 kernel: system 00:05: [mem 0xfedc0000-0xfedc7fff] has been reserved
mai 02 19:41:06 pgvm-g15 kernel: system 00:05: [mem 0xfeda0000-0xfeda0fff] has been reserved
mai 02 19:41:06 pgvm-g15 kernel: system 00:05: [mem 0xfeda1000-0xfeda1fff] has been reserved
mai 02 19:41:06 pgvm-g15 kernel: system 00:05: [mem 0xfed20000-0xfed7ffff] has been reserved
mai 02 19:41:06 pgvm-g15 kernel: system 00:05: [mem 0xfed90000-0xfed93fff] could not be reserved
mai 02 19:41:06 pgvm-g15 kernel: system 00:05: [mem 0xfed45000-0xfed8ffff] could not be reserved
mai 02 19:41:06 pgvm-g15 kernel: system 00:05: [mem 0xfee00000-0xfeefffff] has been reserved
mai 02 19:41:06 pgvm-g15 kernel: system 00:06: [io  0x2000-0x20fe] has been reserved
mai 02 19:41:06 pgvm-g15 kernel: pnp: PnP ACPI: found 8 devices
mai 02 19:41:06 pgvm-g15 kernel: clocksource: acpi_pm: mask: 0xffffff max_cycles: 0xffffff, max_idle_ns: 2085701024 ns
mai 02 19:41:06 pgvm-g15 kernel: NET: Registered PF_INET protocol family
mai 02 19:41:06 pgvm-g15 kernel: IP idents hash table entries: 262144 (order: 9, 2097152 bytes, linear)
mai 02 19:41:06 pgvm-g15 kernel: tcp_listen_portaddr_hash hash table entries: 8192 (order: 5, 131072 bytes, linear)
mai 02 19:41:06 pgvm-g15 kernel: Table-perturb hash table entries: 65536 (order: 6, 262144 bytes, linear)
mai 02 19:41:06 pgvm-g15 kernel: TCP established hash table entries: 131072 (order: 8, 1048576 bytes, linear)
mai 02 19:41:06 pgvm-g15 kernel: TCP bind hash table entries: 65536 (order: 9, 2097152 bytes, linear)
mai 02 19:41:06 pgvm-g15 kernel: TCP: Hash tables configured (established 131072 bind 65536)
mai 02 19:41:06 pgvm-g15 kernel: MPTCP token hash table entries: 16384 (order: 6, 393216 bytes, linear)
mai 02 19:41:06 pgvm-g15 kernel: UDP hash table entries: 8192 (order: 6, 262144 bytes, linear)
mai 02 19:41:06 pgvm-g15 kernel: UDP-Lite hash table entries: 8192 (order: 6, 262144 bytes, linear)
mai 02 19:41:06 pgvm-g15 kernel: NET: Registered PF_UNIX/PF_LOCAL protocol family
mai 02 19:41:06 pgvm-g15 kernel: NET: Registered PF_XDP protocol family
mai 02 19:41:06 pgvm-g15 kernel: pci 0000:01:00.0: can't claim BAR 6 [mem 0xfff80000-0xffffffff pref]: no compatible bridge window
mai 02 19:41:06 pgvm-g15 kernel: pci_bus 0000:00: max bus depth: 1 pci_try_num: 2
mai 02 19:41:06 pgvm-g15 kernel: pci 0000:00:02.0: BAR 9: assigned [mem 0x4020000000-0x40ffffffff 64bit pref]
mai 02 19:41:06 pgvm-g15 kernel: pci 0000:00:02.0: BAR 7: assigned [mem 0x4010000000-0x4016ffffff 64bit]
mai 02 19:41:06 pgvm-g15 kernel: pci 0000:00:15.0: BAR 0: assigned [mem 0x4017000000-0x4017000fff 64bit]
mai 02 19:41:06 pgvm-g15 kernel: pci 0000:00:15.1: BAR 0: assigned [mem 0x4017001000-0x4017001fff 64bit]
mai 02 19:41:06 pgvm-g15 kernel: pci 0000:00:1f.5: BAR 0: assigned [mem 0x70800000-0x70800fff]
mai 02 19:41:06 pgvm-g15 kernel: pci 0000:01:00.0: BAR 6: assigned [mem 0x72080000-0x720fffff pref]
mai 02 19:41:06 pgvm-g15 kernel: pci 0000:00:01.0: PCI bridge to [bus 01]
mai 02 19:41:06 pgvm-g15 kernel: pci 0000:00:01.0:   bridge window [io  0x4000-0x4fff]
mai 02 19:41:06 pgvm-g15 kernel: pci 0000:00:01.0:   bridge window [mem 0x71000000-0x720fffff]
mai 02 19:41:06 pgvm-g15 kernel: pci 0000:00:01.0:   bridge window [mem 0x6000000000-0x6201ffffff 64bit pref]
mai 02 19:41:06 pgvm-g15 kernel: pci 0000:00:1a.0: PCI bridge to [bus 02]
mai 02 19:41:06 pgvm-g15 kernel: pci 0000:00:1a.0:   bridge window [mem 0x72300000-0x723fffff]
mai 02 19:41:06 pgvm-g15 kernel: pci 0000:00:1b.0: PCI bridge to [bus 03]
mai 02 19:41:06 pgvm-g15 kernel: pci 0000:00:1b.0:   bridge window [mem 0x72200000-0x722fffff]
mai 02 19:41:06 pgvm-g15 kernel: pci 0000:00:1c.0: PCI bridge to [bus 04]
mai 02 19:41:06 pgvm-g15 kernel: pci 0000:00:1c.0:   bridge window [io  0x3000-0x3fff]
mai 02 19:41:06 pgvm-g15 kernel: pci 0000:00:1c.0:   bridge window [mem 0x72100000-0x721fffff]
mai 02 19:41:06 pgvm-g15 kernel: pci_bus 0000:00: resource 4 [io  0x0000-0x0cf7 window]
mai 02 19:41:06 pgvm-g15 kernel: pci_bus 0000:00: resource 5 [io  0x0d00-0xffff window]
mai 02 19:41:06 pgvm-g15 kernel: pci_bus 0000:00: resource 6 [mem 0x000a0000-0x000bffff window]
mai 02 19:41:06 pgvm-g15 kernel: pci_bus 0000:00: resource 7 [mem 0x70800000-0xbfffffff window]
mai 02 19:41:06 pgvm-g15 kernel: pci_bus 0000:00: resource 8 [mem 0x4000000000-0x7fffffffff window]
mai 02 19:41:06 pgvm-g15 kernel: pci_bus 0000:01: resource 0 [io  0x4000-0x4fff]
mai 02 19:41:06 pgvm-g15 kernel: pci_bus 0000:01: resource 1 [mem 0x71000000-0x720fffff]
mai 02 19:41:06 pgvm-g15 kernel: pci_bus 0000:01: resource 2 [mem 0x6000000000-0x6201ffffff 64bit pref]
mai 02 19:41:06 pgvm-g15 kernel: pci_bus 0000:02: resource 1 [mem 0x72300000-0x723fffff]
mai 02 19:41:06 pgvm-g15 kernel: pci_bus 0000:03: resource 1 [mem 0x72200000-0x722fffff]
mai 02 19:41:06 pgvm-g15 kernel: pci_bus 0000:04: resource 0 [io  0x3000-0x3fff]
mai 02 19:41:06 pgvm-g15 kernel: pci_bus 0000:04: resource 1 [mem 0x72100000-0x721fffff]
mai 02 19:41:06 pgvm-g15 kernel: pci 0000:01:00.1: D0 power state depends on 0000:01:00.0
mai 02 19:41:06 pgvm-g15 kernel: PCI: CLS 0 bytes, default 64
mai 02 19:41:06 pgvm-g15 kernel: PCI-DMA: Using software bounce buffering for IO (SWIOTLB)
mai 02 19:41:06 pgvm-g15 kernel: software IO TLB: mapped [mem 0x000000004d9d4000-0x00000000519d4000] (64MB)
mai 02 19:41:06 pgvm-g15 kernel: Trying to unpack rootfs image as initramfs...
mai 02 19:41:06 pgvm-g15 kernel: clocksource: tsc: mask: 0xffffffffffffffff max_cycles: 0x25a39079a08, max_idle_ns: 440795310461 ns
mai 02 19:41:06 pgvm-g15 kernel: clocksource: Switched to clocksource tsc
mai 02 19:41:06 pgvm-g15 kernel: Initialise system trusted keyrings
mai 02 19:41:06 pgvm-g15 kernel: Key type blacklist registered
mai 02 19:41:06 pgvm-g15 kernel: workingset: timestamp_bits=36 max_order=22 bucket_order=0
mai 02 19:41:06 pgvm-g15 kernel: zbud: loaded
mai 02 19:41:06 pgvm-g15 kernel: squashfs: version 4.0 (2009/01/31) Phillip Lougher
mai 02 19:41:06 pgvm-g15 kernel: fuse: init (API version 7.37)
mai 02 19:41:06 pgvm-g15 kernel: integrity: Platform Keyring initialized
mai 02 19:41:06 pgvm-g15 kernel: integrity: Machine keyring initialized
mai 02 19:41:06 pgvm-g15 kernel: Key type asymmetric registered
mai 02 19:41:06 pgvm-g15 kernel: Asymmetric key parser 'x509' registered
mai 02 19:41:06 pgvm-g15 kernel: Freeing initrd memory: 70688K
mai 02 19:41:06 pgvm-g15 kernel: alg: self-tests for CTR-KDF (hmac(sha256)) passed
mai 02 19:41:06 pgvm-g15 kernel: Block layer SCSI generic (bsg) driver version 0.4 loaded (major 243)
mai 02 19:41:06 pgvm-g15 kernel: io scheduler mq-deadline registered
mai 02 19:41:06 pgvm-g15 kernel: pcieport 0000:00:01.0: PME: Signaling with IRQ 122
mai 02 19:41:06 pgvm-g15 kernel: pcieport 0000:00:01.0: AER: enabled with IRQ 122
mai 02 19:41:06 pgvm-g15 kernel: pcieport 0000:00:1a.0: PME: Signaling with IRQ 123
mai 02 19:41:06 pgvm-g15 kernel: pcieport 0000:00:1a.0: AER: enabled with IRQ 123
mai 02 19:41:06 pgvm-g15 kernel: pcieport 0000:00:1b.0: PME: Signaling with IRQ 124
mai 02 19:41:06 pgvm-g15 kernel: pcieport 0000:00:1b.0: AER: enabled with IRQ 124
mai 02 19:41:06 pgvm-g15 kernel: pcieport 0000:00:1c.0: PME: Signaling with IRQ 125
mai 02 19:41:06 pgvm-g15 kernel: pcieport 0000:00:1c.0: AER: enabled with IRQ 125
mai 02 19:41:06 pgvm-g15 kernel: shpchp: Standard Hot Plug PCI Controller Driver version: 0.4
mai 02 19:41:06 pgvm-g15 kernel: Monitor-Mwait will be used to enter C-1 state
mai 02 19:41:06 pgvm-g15 kernel: Monitor-Mwait will be used to enter C-2 state
mai 02 19:41:06 pgvm-g15 kernel: Monitor-Mwait will be used to enter C-3 state
mai 02 19:41:06 pgvm-g15 kernel: ACPI: \_SB_.PR00: Found 3 idle states
mai 02 19:41:06 pgvm-g15 kernel: ACPI: AC: AC Adapter [AC] (on-line)
mai 02 19:41:06 pgvm-g15 kernel: input: Lid Switch as /devices/LNXSYSTM:00/LNXSYBUS:00/PNP0C0D:00/input/input0
mai 02 19:41:06 pgvm-g15 kernel: ACPI: button: Lid Switch [LID0]
mai 02 19:41:06 pgvm-g15 kernel: input: Power Button as /devices/LNXSYSTM:00/LNXSYBUS:00/PNP0C0C:00/input/input1
mai 02 19:41:06 pgvm-g15 kernel: ACPI: button: Power Button [PBTN]
mai 02 19:41:06 pgvm-g15 kernel: Serial: 8250/16550 driver, 32 ports, IRQ sharing enabled
mai 02 19:41:06 pgvm-g15 kernel: serial 0000:00:12.0: enabling device (0000 -> 0002)
mai 02 19:41:06 pgvm-g15 kernel: hpet_acpi_add: no address or irqs in _CRS
mai 02 19:41:06 pgvm-g15 kernel: Linux agpgart interface v0.103
mai 02 19:41:06 pgvm-g15 kernel: loop: module loaded
mai 02 19:41:06 pgvm-g15 kernel: tun: Universal TUN/TAP device driver, 1.6
mai 02 19:41:06 pgvm-g15 kernel: PPP generic driver version 2.4.2
mai 02 19:41:06 pgvm-g15 kernel: VFIO - User Level meta-driver version: 0.3
mai 02 19:41:06 pgvm-g15 kernel: i8042: PNP: PS/2 Controller [PNP0303:PS2K,PNP0f13:PS2M] at 0x60,0x64 irq 1,12
mai 02 19:41:06 pgvm-g15 kernel: i8042: Warning: Keylock active
mai 02 19:41:06 pgvm-g15 kernel: serio: i8042 KBD port at 0x60,0x64 irq 1
mai 02 19:41:06 pgvm-g15 kernel: serio: i8042 AUX port at 0x60,0x64 irq 12
mai 02 19:41:06 pgvm-g15 kernel: mousedev: PS/2 mouse device common for all mice
mai 02 19:41:06 pgvm-g15 kernel: rtc_cmos 00:01: RTC can wake from S4
mai 02 19:41:06 pgvm-g15 kernel: rtc_cmos 00:01: registered as rtc0
mai 02 19:41:06 pgvm-g15 kernel: rtc_cmos 00:01: setting system clock to 2026-05-02T22:41:04 UTC (1777761664)
mai 02 19:41:06 pgvm-g15 kernel: rtc_cmos 00:01: alarms up to one month, y3k, 242 bytes nvram
mai 02 19:41:06 pgvm-g15 kernel: i2c_dev: i2c /dev entries driver
mai 02 19:41:06 pgvm-g15 kernel: input: AT Translated Set 2 keyboard as /devices/platform/i8042/serio0/input/input2
mai 02 19:41:06 pgvm-g15 kernel: device-mapper: core: CONFIG_IMA_DISABLE_HTABLE is disabled. Duplicate IMA measurements will not be recorded in the IMA log.
mai 02 19:41:06 pgvm-g15 kernel: device-mapper: uevent: version 1.0.3
mai 02 19:41:06 pgvm-g15 kernel: device-mapper: ioctl: 4.47.0-ioctl (2022-07-28) initialised: dm-devel@redhat.com
mai 02 19:41:06 pgvm-g15 kernel: platform eisa.0: Probing EISA bus 0
mai 02 19:41:06 pgvm-g15 kernel: platform eisa.0: EISA: Cannot allocate resource for mainboard
mai 02 19:41:06 pgvm-g15 kernel: platform eisa.0: Cannot allocate resource for EISA slot 1
mai 02 19:41:06 pgvm-g15 kernel: platform eisa.0: Cannot allocate resource for EISA slot 2
mai 02 19:41:06 pgvm-g15 kernel: platform eisa.0: Cannot allocate resource for EISA slot 3
mai 02 19:41:06 pgvm-g15 kernel: platform eisa.0: Cannot allocate resource for EISA slot 4
mai 02 19:41:06 pgvm-g15 kernel: platform eisa.0: Cannot allocate resource for EISA slot 5
mai 02 19:41:06 pgvm-g15 kernel: platform eisa.0: Cannot allocate resource for EISA slot 6
mai 02 19:41:06 pgvm-g15 kernel: platform eisa.0: Cannot allocate resource for EISA slot 7
mai 02 19:41:06 pgvm-g15 kernel: platform eisa.0: Cannot allocate resource for EISA slot 8
mai 02 19:41:06 pgvm-g15 kernel: platform eisa.0: EISA: Detected 0 cards
mai 02 19:41:06 pgvm-g15 kernel: intel_pstate: Intel P-state driver initializing
mai 02 19:41:06 pgvm-g15 kernel: intel_pstate: HWP enabled
mai 02 19:41:06 pgvm-g15 kernel: ledtrig-cpu: registered to indicate activity on CPUs
mai 02 19:41:06 pgvm-g15 kernel: efifb: probing for efifb
mai 02 19:41:06 pgvm-g15 kernel: efifb: framebuffer at 0x6000000000, using 8640k, total 8640k
mai 02 19:41:06 pgvm-g15 kernel: efifb: mode is 1920x1080x32, linelength=8192, pages=1
mai 02 19:41:06 pgvm-g15 kernel: efifb: scrolling: redraw
mai 02 19:41:06 pgvm-g15 kernel: efifb: Truecolor: size=8:8:8:8, shift=24:16:8:0
mai 02 19:41:06 pgvm-g15 kernel: Console: switching to colour frame buffer device 240x67
mai 02 19:41:06 pgvm-g15 kernel: fb0: EFI VGA frame buffer device
mai 02 19:41:06 pgvm-g15 kernel: intel_pmc_core INT33A1:00:  initialized
mai 02 19:41:06 pgvm-g15 kernel: drop_monitor: Initializing network drop monitor service
mai 02 19:41:06 pgvm-g15 kernel: NET: Registered PF_INET6 protocol family
mai 02 19:41:06 pgvm-g15 kernel: Segment Routing with IPv6
mai 02 19:41:06 pgvm-g15 kernel: In-situ OAM (IOAM) with IPv6
mai 02 19:41:06 pgvm-g15 kernel: NET: Registered PF_PACKET protocol family
mai 02 19:41:06 pgvm-g15 kernel: Key type dns_resolver registered
mai 02 19:41:06 pgvm-g15 kernel: IPI shorthand broadcast: enabled
mai 02 19:41:06 pgvm-g15 kernel: sched_clock: Marking stable (873182696, 6426727)->(900402132, -20792709)
mai 02 19:41:06 pgvm-g15 kernel: registered taskstats version 1
mai 02 19:41:06 pgvm-g15 kernel: Loading compiled-in X.509 certificates
mai 02 19:41:06 pgvm-g15 kernel: Loaded X.509 cert 'Build time autogenerated kernel key: 17fd529541cc22a5998d62d724d297124467041f'
mai 02 19:41:06 pgvm-g15 kernel: Loaded X.509 cert 'Canonical Ltd. Live Patch Signing: 14df34d1a87cf37625abec039ef2bf521249b969'
mai 02 19:41:06 pgvm-g15 kernel: Loaded X.509 cert 'Canonical Ltd. Kernel Module Signing: 88f752e560a1e0737e31163a466ad7b70a850c19'
mai 02 19:41:06 pgvm-g15 kernel: blacklist: Loading compiled-in revocation X.509 certificates
mai 02 19:41:06 pgvm-g15 kernel: Loaded X.509 cert 'Canonical Ltd. Secure Boot Signing: 61482aa2830d0ab2ad5af10b7250da9033ddcef0'
mai 02 19:41:06 pgvm-g15 kernel: Loaded X.509 cert 'Canonical Ltd. Secure Boot Signing (2017): 242ade75ac4a15e50d50c84b0d45ff3eae707a03'
mai 02 19:41:06 pgvm-g15 kernel: Loaded X.509 cert 'Canonical Ltd. Secure Boot Signing (ESM 2018): 365188c1d374d6b07c3c8f240f8ef722433d6a8b'
mai 02 19:41:06 pgvm-g15 kernel: Loaded X.509 cert 'Canonical Ltd. Secure Boot Signing (2019): c0746fd6c5da3ae827864651ad66ae47fe24b3e8'
mai 02 19:41:06 pgvm-g15 kernel: Loaded X.509 cert 'Canonical Ltd. Secure Boot Signing (2021 v1): a8d54bbb3825cfb94fa13c9f8a594a195c107b8d'
mai 02 19:41:06 pgvm-g15 kernel: Loaded X.509 cert 'Canonical Ltd. Secure Boot Signing (2021 v2): 4cf046892d6fd3c9a5b03f98d845f90851dc6a8c'
mai 02 19:41:06 pgvm-g15 kernel: Loaded X.509 cert 'Canonical Ltd. Secure Boot Signing (2021 v3): 100437bb6de6e469b581e61cd66bce3ef4ed53af'
mai 02 19:41:06 pgvm-g15 kernel: Loaded X.509 cert 'Canonical Ltd. Secure Boot Signing (Ubuntu Core 2019): c1d57b8f6b743f23ee41f4f7ee292f06eecadfb9'
mai 02 19:41:06 pgvm-g15 kernel: zswap: loaded using pool lzo/zbud
mai 02 19:41:06 pgvm-g15 kernel: Key type .fscrypt registered
mai 02 19:41:06 pgvm-g15 kernel: Key type fscrypt-provisioning registered
mai 02 19:41:06 pgvm-g15 kernel: Key type encrypted registered
mai 02 19:41:06 pgvm-g15 kernel: AppArmor: AppArmor sha1 policy hashing enabled
mai 02 19:41:06 pgvm-g15 kernel: integrity: Loading X.509 certificate: UEFI:db
mai 02 19:41:06 pgvm-g15 kernel: integrity: Loaded X.509 cert 'Dell Inc.: Dell Bios DB Key: 637fa7a9f74471b406de0511557071fd41dd5487'
mai 02 19:41:06 pgvm-g15 kernel: integrity: Loading X.509 certificate: UEFI:db
mai 02 19:41:06 pgvm-g15 kernel: integrity: Loaded X.509 cert 'Dell Inc.: Dell Bios FW Aux Authority 2018: dd4df7c3f5ce7e5a77847915abc37b031f6b10bd'
mai 02 19:41:06 pgvm-g15 kernel: integrity: Loading X.509 certificate: UEFI:db
mai 02 19:41:06 pgvm-g15 kernel: integrity: Loaded X.509 cert 'Microsoft Windows Production PCA 2011: a92902398e16c49778cd90f99e4f9ae17c55af53'
mai 02 19:41:06 pgvm-g15 kernel: integrity: Loading X.509 certificate: UEFI:db
mai 02 19:41:06 pgvm-g15 kernel: integrity: Loaded X.509 cert 'Microsoft Corporation UEFI CA 2011: 13adbf4309bd82709c8cd54f316ed522988a1bd4'
mai 02 19:41:06 pgvm-g15 kernel: integrity: Loading X.509 certificate: UEFI:db
mai 02 19:41:06 pgvm-g15 kernel: integrity: Loaded X.509 cert 'Microsoft Corporation: Windows UEFI CA 2023: aefc5fbbbe055d8f8daa585473499417ab5a5272'
mai 02 19:41:06 pgvm-g15 kernel: integrity: Loading X.509 certificate: UEFI:db
mai 02 19:41:06 pgvm-g15 kernel: integrity: Loaded X.509 cert 'Microsoft UEFI CA 2023: 81aa6b3244c935bce0d6628af39827421e32497d'
mai 02 19:41:06 pgvm-g15 kernel: integrity: Loading X.509 certificate: UEFI:db
mai 02 19:41:06 pgvm-g15 kernel: integrity: Loaded X.509 cert 'Microsoft Option ROM UEFI CA 2023: 514fbf937fa46fb57bf07af8bed84b3b864b1711'
mai 02 19:41:06 pgvm-g15 kernel: ima: No TPM chip found, activating TPM-bypass!
mai 02 19:41:06 pgvm-g15 kernel: Loading compiled-in module X.509 certificates
mai 02 19:41:06 pgvm-g15 kernel: ACPI: battery: Slot [BAT0] (battery present)
mai 02 19:41:06 pgvm-g15 kernel: Loaded X.509 cert 'Build time autogenerated kernel key: 17fd529541cc22a5998d62d724d297124467041f'
mai 02 19:41:06 pgvm-g15 kernel: ima: Allocated hash algorithm: sha1
mai 02 19:41:06 pgvm-g15 kernel: ima: No architecture policies found
mai 02 19:41:06 pgvm-g15 kernel: evm: Initialising EVM extended attributes:
mai 02 19:41:06 pgvm-g15 kernel: evm: security.selinux
mai 02 19:41:06 pgvm-g15 kernel: evm: security.SMACK64
mai 02 19:41:06 pgvm-g15 kernel: evm: security.SMACK64EXEC
mai 02 19:41:06 pgvm-g15 kernel: evm: security.SMACK64TRANSMUTE
mai 02 19:41:06 pgvm-g15 kernel: evm: security.SMACK64MMAP
mai 02 19:41:06 pgvm-g15 kernel: evm: security.apparmor
mai 02 19:41:06 pgvm-g15 kernel: evm: security.ima
mai 02 19:41:06 pgvm-g15 kernel: evm: security.capability
mai 02 19:41:06 pgvm-g15 kernel: evm: HMAC attrs: 0x1
mai 02 19:41:06 pgvm-g15 kernel: PM:   Magic number: 10:610:703
mai 02 19:41:06 pgvm-g15 kernel: RAS: Correctable Errors collector initialized.
mai 02 19:41:06 pgvm-g15 kernel: Freeing unused decrypted memory: 2036K
mai 02 19:41:06 pgvm-g15 kernel: Freeing unused kernel image (initmem) memory: 3176K
mai 02 19:41:06 pgvm-g15 kernel: Write protecting the kernel read-only data: 32768k
mai 02 19:41:06 pgvm-g15 kernel: Freeing unused kernel image (text/rodata gap) memory: 2036K
mai 02 19:41:06 pgvm-g15 kernel: Freeing unused kernel image (rodata/data gap) memory: 1316K
mai 02 19:41:06 pgvm-g15 kernel: x86/mm: Checked W+X mappings: passed, no W+X pages found.
mai 02 19:41:06 pgvm-g15 kernel: Run /init as init process
mai 02 19:41:06 pgvm-g15 kernel:   with arguments:
mai 02 19:41:06 pgvm-g15 kernel:     /init
mai 02 19:41:06 pgvm-g15 kernel:     recovery
mai 02 19:41:06 pgvm-g15 kernel:     dis_ucode_ldr
mai 02 19:41:06 pgvm-g15 kernel:   with environment:
mai 02 19:41:06 pgvm-g15 kernel:     HOME=/
mai 02 19:41:06 pgvm-g15 kernel:     TERM=linux
mai 02 19:41:06 pgvm-g15 kernel:     BOOT_IMAGE=/boot/vmlinuz-6.1.0-060100-generic
mai 02 19:41:06 pgvm-g15 kernel: wmi_bus wmi_bus-PNP0C14:00: WQ00 data block query control method not found
mai 02 19:41:06 pgvm-g15 kernel: wmi_bus wmi_bus-PNP0C14:03: WQBC data block query control method not found
mai 02 19:41:06 pgvm-g15 kernel: hid: raw HID events driver (C) Jiri Kosina
mai 02 19:41:06 pgvm-g15 kernel: xhci_hcd 0000:00:14.0: xHCI Host Controller
mai 02 19:41:06 pgvm-g15 kernel: xhci_hcd 0000:00:14.0: new USB bus registered, assigned bus number 1
mai 02 19:41:06 pgvm-g15 kernel: i801_smbus 0000:00:1f.4: enabling device (0000 -> 0003)
mai 02 19:41:06 pgvm-g15 kernel: xhci_hcd 0000:00:14.0: hcc params 0x20007fc1 hci version 0x120 quirks 0x0000000200009810
mai 02 19:41:06 pgvm-g15 kernel: i801_smbus 0000:00:1f.4: SPD Write Disable is set
mai 02 19:41:06 pgvm-g15 kernel: xhci_hcd 0000:00:14.0: xHCI Host Controller
mai 02 19:41:06 pgvm-g15 kernel: i801_smbus 0000:00:1f.4: SMBus using PCI interrupt
mai 02 19:41:06 pgvm-g15 kernel: xhci_hcd 0000:00:14.0: new USB bus registered, assigned bus number 2
mai 02 19:41:06 pgvm-g15 kernel: xhci_hcd 0000:00:14.0: Host supports USB 3.2 Enhanced SuperSpeed
mai 02 19:41:06 pgvm-g15 kernel: usb usb1: New USB device found, idVendor=1d6b, idProduct=0002, bcdDevice= 6.01
mai 02 19:41:06 pgvm-g15 kernel: usb usb1: New USB device strings: Mfr=3, Product=2, SerialNumber=1
mai 02 19:41:06 pgvm-g15 kernel: usb usb1: Product: xHCI Host Controller
mai 02 19:41:06 pgvm-g15 kernel: usb usb1: Manufacturer: Linux 6.1.0-060100-generic xhci-hcd
mai 02 19:41:06 pgvm-g15 kernel: usb usb1: SerialNumber: 0000:00:14.0
mai 02 19:41:06 pgvm-g15 kernel: r8169 0000:04:00.0: can't disable ASPM; OS doesn't have ASPM control
mai 02 19:41:06 pgvm-g15 kernel: hub 1-0:1.0: USB hub found
mai 02 19:41:06 pgvm-g15 kernel: intel-lpss 0000:00:15.0: enabling device (0000 -> 0002)
mai 02 19:41:06 pgvm-g15 kernel: hub 1-0:1.0: 16 ports detected
mai 02 19:41:06 pgvm-g15 kernel: idma64 idma64.0: Found Intel integrated DMA 64-bit
mai 02 19:41:06 pgvm-g15 kernel: usb usb2: New USB device found, idVendor=1d6b, idProduct=0003, bcdDevice= 6.01
mai 02 19:41:06 pgvm-g15 kernel: usb usb2: New USB device strings: Mfr=3, Product=2, SerialNumber=1
mai 02 19:41:06 pgvm-g15 kernel: usb usb2: Product: xHCI Host Controller
mai 02 19:41:06 pgvm-g15 kernel: usb usb2: Manufacturer: Linux 6.1.0-060100-generic xhci-hcd
mai 02 19:41:06 pgvm-g15 kernel: usb usb2: SerialNumber: 0000:00:14.0
mai 02 19:41:06 pgvm-g15 kernel: hub 2-0:1.0: USB hub found
mai 02 19:41:06 pgvm-g15 kernel: hub 2-0:1.0: 9 ports detected
mai 02 19:41:06 pgvm-g15 kernel: usb: port power management may be unreliable
mai 02 19:41:06 pgvm-g15 kernel: r8169 0000:04:00.0 eth0: RTL8168h/8111h, d0:c1:b5:28:66:28, XID 541, IRQ 127
mai 02 19:41:06 pgvm-g15 kernel: r8169 0000:04:00.0 eth0: jumbo features [frames: 9194 bytes, tx checksumming: ko]
mai 02 19:41:06 pgvm-g15 kernel: nvme 0000:02:00.0: platform quirk: setting simple suspend
mai 02 19:41:06 pgvm-g15 kernel: nvme nvme0: pci function 0000:02:00.0
mai 02 19:41:06 pgvm-g15 kernel: nvme 0000:03:00.0: platform quirk: setting simple suspend
mai 02 19:41:06 pgvm-g15 kernel: nvme nvme1: pci function 0000:03:00.0
mai 02 19:41:06 pgvm-g15 kernel: nvme nvme0: allocated 64 MiB host memory buffer.
mai 02 19:41:06 pgvm-g15 kernel: nvme nvme1: allocated 32 MiB host memory buffer.
mai 02 19:41:06 pgvm-g15 kernel: nvme nvme1: 16/0/0 default/read/poll queues
mai 02 19:41:06 pgvm-g15 kernel:  nvme1n1: p1 p2 p3
mai 02 19:41:06 pgvm-g15 kernel: nvme nvme0: 16/0/0 default/read/poll queues
mai 02 19:41:06 pgvm-g15 kernel: i2c i2c-0: 2/2 memory slots populated (from DMI)
mai 02 19:41:06 pgvm-g15 kernel: i2c i2c-0: Memory type 0x22 not supported yet, not instantiating SPD
mai 02 19:41:06 pgvm-g15 kernel:  nvme0n1:
mai 02 19:41:06 pgvm-g15 kernel: intel-lpss 0000:00:15.1: enabling device (0000 -> 0002)
mai 02 19:41:06 pgvm-g15 kernel: idma64 idma64.1: Found Intel integrated DMA 64-bit
mai 02 19:41:06 pgvm-g15 kernel: r8169 0000:04:00.0 enp4s0: renamed from eth0
mai 02 19:41:06 pgvm-g15 kernel: usb 1-3: new high-speed USB device number 2 using xhci_hcd
mai 02 19:41:06 pgvm-g15 kernel: input: VEN_06CB:00 06CB:CE81 Mouse as /devices/pci0000:00/0000:00:15.1/i2c_designware.1/i2c-2/i2c-VEN_06CB:00/0018:06CB:CE81.0001/input/input5
mai 02 19:41:06 pgvm-g15 kernel: input: VEN_06CB:00 06CB:CE81 Touchpad as /devices/pci0000:00/0000:00:15.1/i2c_designware.1/i2c-2/i2c-VEN_06CB:00/0018:06CB:CE81.0001/input/input6
mai 02 19:41:06 pgvm-g15 kernel: hid-generic 0018:06CB:CE81.0001: input,hidraw0: I2C HID v1.00 Mouse [VEN_06CB:00 06CB:CE81] on i2c-VEN_06CB:00
mai 02 19:41:06 pgvm-g15 kernel: usb 1-3: New USB device found, idVendor=1bcf, idProduct=2b9d, bcdDevice= 0.12
mai 02 19:41:06 pgvm-g15 kernel: usb 1-3: New USB device strings: Mfr=1, Product=2, SerialNumber=0
mai 02 19:41:06 pgvm-g15 kernel: usb 1-3: Product: Integrated_Webcam_HD
mai 02 19:41:06 pgvm-g15 kernel: usb 1-3: Manufacturer: C7FKH30V014400042590
mai 02 19:41:06 pgvm-g15 kernel: usb 1-7: new full-speed USB device number 3 using xhci_hcd
mai 02 19:41:06 pgvm-g15 kernel: ish-hid {33AECD58-B679-4E54-9BD9-A04D34F0C226}: [hid-ish]: enum_devices_done OK, num_hid_devices=1
mai 02 19:41:06 pgvm-g15 kernel: hid-generic 001F:8087:0AC2.0002: hidraw1: SENSOR HUB HID v2.00 Device [hid-ishtp 8087:0AC2] on 
mai 02 19:41:06 pgvm-g15 kernel: raid6: avx2x4   gen() 44902 MB/s
mai 02 19:41:06 pgvm-g15 kernel: usb 1-7: New USB device found, idVendor=187c, idProduct=0551, bcdDevice= 2.00
mai 02 19:41:06 pgvm-g15 kernel: usb 1-7: New USB device strings: Mfr=1, Product=2, SerialNumber=3
mai 02 19:41:06 pgvm-g15 kernel: usb 1-7: Product: AW-ELC
mai 02 19:41:06 pgvm-g15 kernel: usb 1-7: Manufacturer: Alienware
mai 02 19:41:06 pgvm-g15 kernel: usb 1-7: SerialNumber: 00.01
mai 02 19:41:06 pgvm-g15 kernel: hid-generic 0003:187C:0551.0003: hiddev0,hidraw1: USB HID v1.11 Device [Alienware AW-ELC] on usb-0000:00:14.0-7/input0
mai 02 19:41:06 pgvm-g15 kernel: usbcore: registered new interface driver usbhid
mai 02 19:41:06 pgvm-g15 kernel: usbhid: USB HID core driver
mai 02 19:41:06 pgvm-g15 kernel: raid6: avx2x2   gen() 44975 MB/s
mai 02 19:41:06 pgvm-g15 kernel: raid6: avx2x1   gen() 47463 MB/s
mai 02 19:41:06 pgvm-g15 kernel: raid6: using algorithm avx2x1 gen() 47463 MB/s
mai 02 19:41:06 pgvm-g15 kernel: usb 1-10: new full-speed USB device number 4 using xhci_hcd
mai 02 19:41:06 pgvm-g15 kernel: raid6: .... xor() 32661 MB/s, rmw enabled
mai 02 19:41:06 pgvm-g15 kernel: raid6: using avx2x2 recovery algorithm
mai 02 19:41:06 pgvm-g15 kernel: xor: automatically using best checksumming function   avx       
mai 02 19:41:06 pgvm-g15 kernel: input: PS/2 Generic Mouse as /devices/platform/i8042/serio1/input/input4
mai 02 19:41:06 pgvm-g15 kernel: Btrfs loaded, crc32c=crc32c-intel, zoned=yes, fsverity=yes
mai 02 19:41:06 pgvm-g15 kernel: EXT4-fs (nvme1n1p3): mounted filesystem with ordered data mode. Quota mode: none.
mai 02 19:41:06 pgvm-g15 kernel: usb 1-10: New USB device found, idVendor=03f0, idProduct=0f98, bcdDevice=41.07
mai 02 19:41:06 pgvm-g15 kernel: usb 1-10: New USB device strings: Mfr=1, Product=2, SerialNumber=0
mai 02 19:41:06 pgvm-g15 kernel: usb 1-10: Product: HyperX Pulsefire Haste 2 Wireless
mai 02 19:41:06 pgvm-g15 kernel: usb 1-10: Manufacturer: HP, Inc
mai 02 19:41:06 pgvm-g15 kernel: input: HP, Inc HyperX Pulsefire Haste 2 Wireless as /devices/pci0000:00/0000:00:14.0/usb1/1-10/1-10:1.0/0003:03F0:0F98.0004/input/input8
mai 02 19:41:06 pgvm-g15 kernel: hid-generic 0003:03F0:0F98.0004: input,hidraw2: USB HID v1.11 Mouse [HP, Inc HyperX Pulsefire Haste 2 Wireless] on usb-0000:00:14.0-10/input0
mai 02 19:41:06 pgvm-g15 kernel: input: HP, Inc HyperX Pulsefire Haste 2 Wireless Keyboard as /devices/pci0000:00/0000:00:14.0/usb1/1-10/1-10:1.1/0003:03F0:0F98.0005/input/input9
mai 02 19:41:06 pgvm-g15 systemd[1]: Inserted module 'autofs4'
mai 02 19:41:06 pgvm-g15 kernel: hid-generic 0003:03F0:0F98.0005: input,hidraw3: USB HID v1.11 Keyboard [HP, Inc HyperX Pulsefire Haste 2 Wireless] on usb-0000:00:14.0-10/input1
mai 02 19:41:06 pgvm-g15 kernel: hid-generic 0003:03F0:0F98.0006: hiddev1,hidraw4: USB HID v1.11 Device [HP, Inc HyperX Pulsefire Haste 2 Wireless] on usb-0000:00:14.0-10/input2
mai 02 19:41:06 pgvm-g15 kernel: hid-generic 0003:03F0:0F98.0007: hiddev2,hidraw5: USB HID v1.11 Device [HP, Inc HyperX Pulsefire Haste 2 Wireless] on usb-0000:00:14.0-10/input3
mai 02 19:41:06 pgvm-g15 systemd[1]: systemd 249.11-0ubuntu3.20 running in system mode (+PAM +AUDIT +SELINUX +APPARMOR +IMA +SMACK +SECCOMP +GCRYPT +GNUTLS +OPENSSL +ACL +BLKID +CURL +ELFUTILS +FIDO2 +IDN2 -IDN +IPTC +KMOD +LIBCRYPTSETUP +LIBFDISK +PCRE2 -PWQUALITY -P11KIT -QRENCODE +BZIP2 +LZ4 +XZ +ZLIB +ZSTD -XKBCOMMON +UTMP +SYSVINIT default-hierarchy=unified)
mai 02 19:41:06 pgvm-g15 systemd[1]: Detected architecture x86-64.
mai 02 19:41:06 pgvm-g15 systemd[1]: Hostname set to <pgvm-g15>.
mai 02 19:41:06 pgvm-g15 systemd[383]: /usr/lib/systemd/system-environment-generators/60-flatpak-system-only failed with exit status 127.
mai 02 19:41:06 pgvm-g15 kernel: usb 1-14: new full-speed USB device number 5 using xhci_hcd
mai 02 19:41:06 pgvm-g15 systemd[1]: Queued start job for default target Friendly Recovery Mode.
mai 02 19:41:06 pgvm-g15 systemd[1]: Created slice Slice /system/modprobe.
mai 02 19:41:06 pgvm-g15 systemd[1]: Created slice Slice /system/systemd-fsck.
mai 02 19:41:06 pgvm-g15 systemd[1]: Set up automount Arbitrary Executable File Formats File System Automount Point.
mai 02 19:41:06 pgvm-g15 systemd[1]: Reached target Slice Units.
mai 02 19:41:06 pgvm-g15 systemd[1]: Reached target Swaps.
mai 02 19:41:06 pgvm-g15 systemd[1]: Reached target Local Verity Protected Volumes.
mai 02 19:41:06 pgvm-g15 systemd[1]: Listening on Device-mapper event daemon FIFOs.
mai 02 19:41:06 pgvm-g15 systemd[1]: Listening on LVM2 poll daemon socket.
mai 02 19:41:06 pgvm-g15 systemd[1]: Listening on fsck to fsckd communication Socket.
mai 02 19:41:06 pgvm-g15 systemd[1]: Listening on initctl Compatibility Named Pipe.
mai 02 19:41:06 pgvm-g15 systemd[1]: Listening on Journal Audit Socket.
mai 02 19:41:06 pgvm-g15 systemd[1]: Listening on Journal Socket (/dev/log).
mai 02 19:41:06 pgvm-g15 systemd[1]: Listening on Journal Socket.
mai 02 19:41:06 pgvm-g15 systemd[1]: Listening on udev Control Socket.
mai 02 19:41:06 pgvm-g15 systemd[1]: Listening on udev Kernel Socket.
mai 02 19:41:06 pgvm-g15 systemd[1]: Mounting Huge Pages File System...
mai 02 19:41:06 pgvm-g15 systemd[1]: Mounting POSIX Message Queue File System...
mai 02 19:41:06 pgvm-g15 systemd[1]: Mounting Kernel Debug File System...
mai 02 19:41:06 pgvm-g15 systemd[1]: Mounting Kernel Trace File System...
mai 02 19:41:06 pgvm-g15 systemd[1]: Starting Journal Service...
mai 02 19:41:06 pgvm-g15 systemd[1]: Finished Availability of block devices.
mai 02 19:41:06 pgvm-g15 systemd[1]: Starting Set the console keyboard layout...
mai 02 19:41:06 pgvm-g15 kernel: usb 1-14: New USB device found, idVendor=8087, idProduct=0026, bcdDevice= 0.02
mai 02 19:41:06 pgvm-g15 kernel: usb 1-14: New USB device strings: Mfr=0, Product=0, SerialNumber=0
mai 02 19:41:06 pgvm-g15 systemd[1]: Starting Create List of Static Device Nodes...
mai 02 19:41:06 pgvm-g15 systemd[1]: Starting Load Kernel Module configfs...
mai 02 19:41:06 pgvm-g15 systemd-journald[412]: Journal started
mai 02 19:41:06 pgvm-g15 systemd-journald[412]: Runtime Journal (/run/log/journal/1b0dd520e6a04139a384b58f4e8c7a07) is 6.2M, max 50.0M, 43.7M free.
mai 02 19:41:06 pgvm-g15 systemd[1]: Starting Load Kernel Module efi_pstore...
mai 02 19:41:06 pgvm-g15 kernel: pstore: Using crash dump compression: deflate
mai 02 19:41:06 pgvm-g15 systemd[1]: Starting Load Kernel Module fuse...
mai 02 19:41:06 pgvm-g15 systemd[1]: Condition check resulted in File System Check on Root Device being skipped.
mai 02 19:41:06 pgvm-g15 systemd[1]: Starting Load Kernel Modules...
mai 02 19:41:06 pgvm-g15 systemd[1]: Starting Remount Root and Kernel File Systems...
mai 02 19:41:06 pgvm-g15 kernel: pstore: Registered efi as persistent store backend
mai 02 19:41:06 pgvm-g15 kernel: acpi_call: loading out-of-tree module taints kernel.
mai 02 19:41:06 pgvm-g15 kernel: acpi_call: module verification failed: signature and/or required key missing - tainting kernel
mai 02 19:41:06 pgvm-g15 systemd-modules-load[423]: Inserted module 'acpi_call'
mai 02 19:41:06 pgvm-g15 kernel: EXT4-fs (nvme1n1p3): re-mounted. Quota mode: none.
mai 02 19:41:06 pgvm-g15 systemd[1]: Starting Coldplug All udev Devices...
mai 02 19:41:06 pgvm-g15 systemd[1]: Started Journal Service.
mai 02 19:41:06 pgvm-g15 systemd[1]: Mounted Huge Pages File System.
mai 02 19:41:06 pgvm-g15 systemd-modules-load[423]: Inserted module 'lp'
mai 02 19:41:06 pgvm-g15 systemd[1]: Mounted POSIX Message Queue File System.
mai 02 19:41:06 pgvm-g15 kernel: lp: driver loaded but no devices found
mai 02 19:41:06 pgvm-g15 systemd[1]: Mounted Kernel Debug File System.
mai 02 19:41:06 pgvm-g15 systemd[1]: Mounted Kernel Trace File System.
mai 02 19:41:06 pgvm-g15 kernel: ppdev: user-space parallel port driver
mai 02 19:41:06 pgvm-g15 systemd-modules-load[423]: Inserted module 'ppdev'
mai 02 19:41:06 pgvm-g15 systemd[1]: Finished Set the console keyboard layout.
mai 02 19:41:06 pgvm-g15 systemd-modules-load[423]: Inserted module 'parport_pc'
mai 02 19:41:06 pgvm-g15 systemd[1]: Finished Create List of Static Device Nodes.
mai 02 19:41:06 pgvm-g15 systemd[1]: modprobe@configfs.service: Deactivated successfully.
mai 02 19:41:06 pgvm-g15 systemd[1]: Finished Load Kernel Module configfs.
mai 02 19:41:06 pgvm-g15 kernel: ACPI: video: [Firmware Bug]: ACPI(PEGP) defines _DOD but not _DOS
mai 02 19:41:06 pgvm-g15 systemd[1]: modprobe@efi_pstore.service: Deactivated successfully.
mai 02 19:41:06 pgvm-g15 systemd[1]: Finished Load Kernel Module efi_pstore.
mai 02 19:41:06 pgvm-g15 systemd[1]: modprobe@fuse.service: Deactivated successfully.
mai 02 19:41:06 pgvm-g15 systemd[1]: Finished Load Kernel Module fuse.
mai 02 19:41:06 pgvm-g15 systemd[1]: Finished Remount Root and Kernel File Systems.
mai 02 19:41:06 pgvm-g15 systemd[1]: Mounting FUSE Control File System...
mai 02 19:41:06 pgvm-g15 systemd[1]: Mounting Kernel Configuration File System...
mai 02 19:41:06 pgvm-g15 kernel: ACPI: video: Video Device [PEGP] (multi-head: yes  rom: yes  post: no)
mai 02 19:41:06 pgvm-g15 kernel: input: Video Bus as /devices/LNXSYSTM:00/LNXSYBUS:00/PNP0A08:00/device:03/LNXVIDEO:00/input/input10
mai 02 19:41:06 pgvm-g15 systemd[1]: Starting Flush Journal to Persistent Storage...
mai 02 19:41:06 pgvm-g15 systemd[1]: Condition check resulted in Platform Persistent Storage Archival being skipped.
mai 02 19:41:06 pgvm-g15 systemd[1]: Starting Load/Save Random Seed...
mai 02 19:41:06 pgvm-g15 systemd-journald[412]: Runtime Journal (/run/log/journal/1b0dd520e6a04139a384b58f4e8c7a07) is 6.2M, max 50.0M, 43.7M free.
mai 02 19:41:06 pgvm-g15 systemd[1]: Starting Create System Users...
mai 02 19:41:06 pgvm-g15 systemd[1]: Mounted FUSE Control File System.
mai 02 19:41:06 pgvm-g15 systemd[1]: Mounted Kernel Configuration File System.
mai 02 19:41:06 pgvm-g15 systemd[1]: Finished Flush Journal to Persistent Storage.
mai 02 19:41:06 pgvm-g15 systemd[1]: Finished Load/Save Random Seed.
mai 02 19:41:06 pgvm-g15 systemd[1]: Condition check resulted in First Boot Complete being skipped.
mai 02 19:41:06 pgvm-g15 systemd[1]: Finished Create System Users.
mai 02 19:41:06 pgvm-g15 systemd[1]: Starting Create Static Device Nodes in /dev...
mai 02 19:41:06 pgvm-g15 systemd[1]: Finished Create Static Device Nodes in /dev.
mai 02 19:41:06 pgvm-g15 systemd[1]: Reached target Preparation for Local File Systems.
mai 02 19:41:06 pgvm-g15 systemd[1]: Starting Rule-based Manager for Device Events and Files...
mai 02 19:41:06 pgvm-g15 kernel: ACPI: video: Video Device [GFX0] (multi-head: yes  rom: no  post: no)
mai 02 19:41:06 pgvm-g15 kernel: input: Video Bus as /devices/LNXSYSTM:00/LNXSYBUS:00/PNP0A08:00/LNXVIDEO:01/input/input11
mai 02 19:41:06 pgvm-g15 kernel: dcdbas dcdbas: Dell Systems Management Base Driver (version 5.6.0-3.4)
mai 02 19:41:06 pgvm-g15 kernel: input: Dell Privacy Driver as /devices/platform/PNP0C14:03/wmi_bus/wmi_bus-PNP0C14:03/6932965F-1671-4CEB-B988-D3AB0A901919/input/input12
mai 02 19:41:06 pgvm-g15 systemd-udevd[438]: /usr/lib/udev/rules.d/99-anbox.rules:1 Ignoring NAME="%k", as it will take no effect.
mai 02 19:41:06 pgvm-g15 systemd-udevd[438]: /usr/lib/udev/rules.d/99-anbox.rules:2 Ignoring NAME="%k", as it will take no effect.
mai 02 19:41:06 pgvm-g15 kernel: input: Dell WMI hotkeys as /devices/platform/PNP0C14:03/wmi_bus/wmi_bus-PNP0C14:03/9DBB5994-A997-11DA-B012-B622A1EF5492/input/input13
mai 02 19:41:06 pgvm-g15 systemd[1]: Started Rule-based Manager for Device Events and Files.
mai 02 19:41:06 pgvm-g15 systemd[1]: Finished Coldplug All udev Devices.
mai 02 19:41:06 pgvm-g15 systemd[1]: Condition check resulted in Show Plymouth Boot Screen being skipped.
mai 02 19:41:06 pgvm-g15 systemd[1]: Started Dispatch Password Requests to Console Directory Watch.
mai 02 19:41:06 pgvm-g15 systemd[1]: Condition check resulted in Forward Password Requests to Plymouth Directory Watch being skipped.
mai 02 19:41:06 pgvm-g15 systemd[1]: Reached target Local Encrypted Volumes.
mai 02 19:41:06 pgvm-g15 systemd-modules-load[423]: Inserted module 'dell_laptop'
mai 02 19:41:06 pgvm-g15 kernel: mc: Linux media interface: v0.10
mai 02 19:41:06 pgvm-g15 kernel: videodev: Linux video capture interface: v2.00
mai 02 19:41:06 pgvm-g15 systemd-modules-load[423]: Inserted module 'videodev'
mai 02 19:41:06 pgvm-g15 kernel: mei_me 0000:00:16.0: enabling device (0000 -> 0002)
mai 02 19:41:06 pgvm-g15 kernel: proc_thermal_pci 0000:00:04.0: enabling device (0000 -> 0002)
mai 02 19:41:06 pgvm-g15 kernel: v4l2loopback driver version 0.6.4 (droidcam) loaded
mai 02 19:41:06 pgvm-g15 systemd-udevd[453]: Using default interface naming scheme 'v249'.
mai 02 19:41:06 pgvm-g15 systemd[1]: Found device PC SN740 NVMe WD 512GB 1.
mai 02 19:41:06 pgvm-g15 kernel: Consider using thermal netlink events interface
mai 02 19:41:06 pgvm-g15 kernel: ACPI: bus type drm_connector registered
mai 02 19:41:06 pgvm-g15 kernel: intel_rapl_common: Found RAPL domain package
mai 02 19:41:06 pgvm-g15 systemd-modules-load[423]: Inserted module 'v4l2loopback_dc'
mai 02 19:41:06 pgvm-g15 mtp-probe[480]: checking bus 1, device 4: "/sys/devices/pci0000:00/0000:00:14.0/usb1/1-10"
mai 02 19:41:06 pgvm-g15 kernel: cfg80211: Loading compiled-in X.509 certificates for regulatory database
mai 02 19:41:06 pgvm-g15 kernel: cfg80211: Loaded X.509 cert 'sforshee: 00b28ddf47aef9cea7'
mai 02 19:41:06 pgvm-g15 kernel: cfg80211: loaded regulatory.db is malformed or signature is missing/invalid
mai 02 19:41:06 pgvm-g15 kernel: spi-nor spi0.0: w25q256 (32768 Kbytes)
mai 02 19:41:06 pgvm-g15 kernel: input: Intel HID events as /devices/platform/INTC1078:00/input/input14
mai 02 19:41:06 pgvm-g15 kernel: Creating 1 MTD partitions on "0000:00:1f.5":
mai 02 19:41:06 pgvm-g15 kernel: 0x000000000000-0x000002000000 : "BIOS"
mai 02 19:41:06 pgvm-g15 systemd-modules-load[423]: Inserted module 'snd_aloop'
mai 02 19:41:06 pgvm-g15 mtp-probe[478]: checking bus 1, device 2: "/sys/devices/pci0000:00/0000:00:14.0/usb1/1-3"
mai 02 19:41:06 pgvm-g15 systemd[1]: Starting File System Check on /dev/disk/by-uuid/4210-ABF7...
mai 02 19:41:06 pgvm-g15 mtp-probe[479]: checking bus 1, device 3: "/sys/devices/pci0000:00/0000:00:14.0/usb1/1-7"
mai 02 19:41:06 pgvm-g15 mtp-probe[480]: bus: 1, device: 4 was not an MTP device
mai 02 19:41:06 pgvm-g15 mtp-probe[479]: bus: 1, device: 3 was not an MTP device
mai 02 19:41:06 pgvm-g15 mtp-probe[478]: bus: 1, device: 2 was not an MTP device
mai 02 19:41:06 pgvm-g15 systemd[1]: Started File System Check Daemon to report status.
mai 02 19:41:06 pgvm-g15 systemd-modules-load[423]: Inserted module 'msr'
mai 02 19:41:06 pgvm-g15 kernel: Intel(R) Wireless WiFi driver for Linux
mai 02 19:41:06 pgvm-g15 kernel: iwlwifi 0000:00:14.3: enabling device (0000 -> 0002)
mai 02 19:41:06 pgvm-g15 systemd-modules-load[423]: Inserted module 'coretemp'
mai 02 19:41:06 pgvm-g15 kernel: usb 1-3: Found UVC 1.00 device Integrated_Webcam_HD (1bcf:2b9d)
mai 02 19:41:06 pgvm-g15 kernel: iwlwifi 0000:00:14.3: api flags index 2 larger than supported by driver
mai 02 19:41:06 pgvm-g15 systemd[1]: Finished Load Kernel Modules.
mai 02 19:41:06 pgvm-g15 kernel: iwlwifi 0000:00:14.3: TLV_FW_FSEQ_VERSION: FSEQ Version: 0.0.2.36
mai 02 19:41:06 pgvm-g15 systemd[1]: Starting Apply Kernel Variables...
mai 02 19:41:06 pgvm-g15 kernel: iwlwifi 0000:00:14.3: loaded firmware version 72.daa05125.0 so-a0-hr-b0-72.ucode op_mode iwlmvm
mai 02 19:41:06 pgvm-g15 systemd-sysctl[545]: Couldn't write '1' to 'kernel/unprivileged_userns_clone', ignoring: No such file or directory
mai 02 19:41:06 pgvm-g15 kernel: snd_hda_intel 0000:00:1f.3: DSP detected with PCI class/subclass/prog-if info 0x040100
mai 02 19:41:06 pgvm-g15 kernel: snd_hda_intel 0000:00:1f.3: Digital mics found on Skylake+ platform, using SOF driver
mai 02 19:41:06 pgvm-g15 kernel: snd_hda_intel 0000:01:00.1: enabling device (0000 -> 0002)
mai 02 19:41:06 pgvm-g15 kernel: snd_hda_intel 0000:01:00.1: Disabling MSI
mai 02 19:41:06 pgvm-g15 kernel: snd_hda_intel 0000:01:00.1: Handle vga_switcheroo audio client
mai 02 19:41:06 pgvm-g15 systemd[1]: Finished Apply Kernel Variables.
mai 02 19:41:06 pgvm-g15 systemd-fsck[527]: fsck.fat 4.2 (2021-01-31)
mai 02 19:41:06 pgvm-g15 systemd-fsck[527]: /dev/nvme1n1p1: 40 files, 218891/516190 clusters
mai 02 19:41:06 pgvm-g15 systemd[1]: Finished File System Check on /dev/disk/by-uuid/4210-ABF7.
mai 02 19:41:06 pgvm-g15 systemd[1]: Mounting /boot/efi...
mai 02 19:41:06 pgvm-g15 kernel: input: Integrated_Webcam_HD: Integrate as /devices/pci0000:00/0000:00:14.0/usb1/1-3/1-3:1.0/input/input15
mai 02 19:41:06 pgvm-g15 kernel: intel-hid INTC1078:00: platform supports 5 button array
mai 02 19:41:06 pgvm-g15 kernel: input: Intel HID 5 button array as /devices/platform/INTC1078:00/input/input16
mai 02 19:41:06 pgvm-g15 kernel: usbcore: registered new interface driver uvcvideo
mai 02 19:41:06 pgvm-g15 kernel: nvidia: module license 'NVIDIA' taints kernel.
mai 02 19:41:06 pgvm-g15 kernel: Disabling lock debugging due to kernel taint
mai 02 19:41:06 pgvm-g15 systemd[1]: Mounted /boot/efi.
mai 02 19:41:06 pgvm-g15 systemd[1]: Reached target Local File Systems.
mai 02 19:41:06 pgvm-g15 kernel: input: HDA NVidia HDMI/DP,pcm=3 as /devices/pci0000:00/0000:00:01.0/0000:01:00.1/sound/card0/input17
mai 02 19:41:06 pgvm-g15 systemd[1]: Starting Load AppArmor profiles...
mai 02 19:41:06 pgvm-g15 systemd[1]: Starting Tell Plymouth To Write Out Runtime Data...
mai 02 19:41:06 pgvm-g15 systemd[1]: Starting Set Up Additional Binary Formats...
mai 02 19:41:06 pgvm-g15 systemd[1]: Condition check resulted in Store a System Token in an EFI Variable being skipped.
mai 02 19:41:06 pgvm-g15 systemd[1]: Condition check resulted in Commit a transient machine-id on disk being skipped.
mai 02 19:41:06 pgvm-g15 systemd[1]: Starting Create Volatile Files and Directories...
mai 02 19:41:06 pgvm-g15 apparmor.systemd[552]: Restarting AppArmor
mai 02 19:41:06 pgvm-g15 apparmor.systemd[552]: Reloading AppArmor profiles
mai 02 19:41:06 pgvm-g15 systemd[1]: proc-sys-fs-binfmt_misc.automount: Got automount request for /proc/sys/fs/binfmt_misc, triggered by 555 (systemd-binfmt)
mai 02 19:41:06 pgvm-g15 systemd[1]: Mounting Arbitrary Executable File Formats File System...
mai 02 19:41:06 pgvm-g15 systemd[1]: Finished Tell Plymouth To Write Out Runtime Data.
mai 02 19:41:06 pgvm-g15 audit[570]: AVC apparmor="STATUS" operation="profile_load" profile="unconfined" name="swtpm" pid=570 comm="apparmor_parser"
mai 02 19:41:06 pgvm-g15 kernel: audit: type=1400 audit(1777761666.391:2): apparmor="STATUS" operation="profile_load" profile="unconfined" name="swtpm" pid=570 comm="apparmor_parser"
mai 02 19:41:06 pgvm-g15 audit[569]: AVC apparmor="STATUS" operation="profile_load" profile="unconfined" name="/usr/bin/man" pid=569 comm="apparmor_parser"
mai 02 19:41:06 pgvm-g15 audit[569]: AVC apparmor="STATUS" operation="profile_load" profile="unconfined" name="man_filter" pid=569 comm="apparmor_parser"
mai 02 19:41:06 pgvm-g15 audit[569]: AVC apparmor="STATUS" operation="profile_load" profile="unconfined" name="man_groff" pid=569 comm="apparmor_parser"
mai 02 19:41:06 pgvm-g15 audit[575]: AVC apparmor="STATUS" operation="profile_load" profile="unconfined" name="libvirtd" pid=575 comm="apparmor_parser"
mai 02 19:41:06 pgvm-g15 audit[575]: AVC apparmor="STATUS" operation="profile_load" profile="unconfined" name="libvirtd//qemu_bridge_helper" pid=575 comm="apparmor_parser"
mai 02 19:41:06 pgvm-g15 audit[564]: AVC apparmor="STATUS" operation="profile_load" profile="unconfined" name="nvidia_modprobe" pid=564 comm="apparmor_parser"
mai 02 19:41:06 pgvm-g15 audit[564]: AVC apparmor="STATUS" operation="profile_load" profile="unconfined" name="nvidia_modprobe//kmod" pid=564 comm="apparmor_parser"
mai 02 19:41:06 pgvm-g15 audit[572]: AVC apparmor="STATUS" operation="profile_load" profile="unconfined" name="virt-aa-helper" pid=572 comm="apparmor_parser"
mai 02 19:41:06 pgvm-g15 systemd[1]: Finished Create Volatile Files and Directories.
mai 02 19:41:06 pgvm-g15 audit[566]: AVC apparmor="STATUS" operation="profile_load" profile="unconfined" name="ubuntu_pro_apt_news" pid=566 comm="apparmor_parser"
mai 02 19:41:06 pgvm-g15 audit[563]: AVC apparmor="STATUS" operation="profile_load" profile="unconfined" name="lsb_release" pid=563 comm="apparmor_parser"
mai 02 19:41:06 pgvm-g15 audit[571]: AVC apparmor="STATUS" operation="profile_load" profile="unconfined" name="tcpdump" pid=571 comm="apparmor_parser"
mai 02 19:41:06 pgvm-g15 kernel: audit: type=1400 audit(1777761666.395:3): apparmor="STATUS" operation="profile_load" profile="unconfined" name="/usr/bin/man" pid=569 comm="apparmor_parser"
mai 02 19:41:06 pgvm-g15 kernel: audit: type=1400 audit(1777761666.395:4): apparmor="STATUS" operation="profile_load" profile="unconfined" name="man_filter" pid=569 comm="apparmor_parser"
mai 02 19:41:06 pgvm-g15 kernel: audit: type=1400 audit(1777761666.395:5): apparmor="STATUS" operation="profile_load" profile="unconfined" name="man_groff" pid=569 comm="apparmor_parser"
mai 02 19:41:06 pgvm-g15 kernel: audit: type=1400 audit(1777761666.395:6): apparmor="STATUS" operation="profile_load" profile="unconfined" name="libvirtd" pid=575 comm="apparmor_parser"
mai 02 19:41:06 pgvm-g15 kernel: audit: type=1400 audit(1777761666.395:7): apparmor="STATUS" operation="profile_load" profile="unconfined" name="libvirtd//qemu_bridge_helper" pid=575 comm="apparmor_parser"
mai 02 19:41:06 pgvm-g15 kernel: audit: type=1400 audit(1777761666.395:8): apparmor="STATUS" operation="profile_load" profile="unconfined" name="nvidia_modprobe" pid=564 comm="apparmor_parser"
mai 02 19:41:06 pgvm-g15 kernel: audit: type=1400 audit(1777761666.395:9): apparmor="STATUS" operation="profile_load" profile="unconfined" name="nvidia_modprobe//kmod" pid=564 comm="apparmor_parser"
mai 02 19:41:06 pgvm-g15 kernel: audit: type=1400 audit(1777761666.395:10): apparmor="STATUS" operation="profile_load" profile="unconfined" name="virt-aa-helper" pid=572 comm="apparmor_parser"
mai 02 19:41:06 pgvm-g15 systemd[1]: Starting Network Time Synchronization...
mai 02 19:41:06 pgvm-g15 audit[574]: AVC apparmor="STATUS" operation="profile_load" profile="unconfined" name="/usr/lib/cups/backend/cups-pdf" pid=574 comm="apparmor_parser"
mai 02 19:41:06 pgvm-g15 audit[574]: AVC apparmor="STATUS" operation="profile_load" profile="unconfined" name="/usr/sbin/cupsd" pid=574 comm="apparmor_parser"
mai 02 19:41:06 pgvm-g15 audit[574]: AVC apparmor="STATUS" operation="profile_load" profile="unconfined" name="/usr/sbin/cupsd//third_party" pid=574 comm="apparmor_parser"
mai 02 19:41:06 pgvm-g15 audit[565]: AVC apparmor="STATUS" operation="profile_load" profile="unconfined" name="/usr/lib/NetworkManager/nm-dhcp-client.action" pid=565 comm="apparmor_parser"
mai 02 19:41:06 pgvm-g15 audit[565]: AVC apparmor="STATUS" operation="profile_load" profile="unconfined" name="/usr/lib/NetworkManager/nm-dhcp-helper" pid=565 comm="apparmor_parser"
mai 02 19:41:06 pgvm-g15 audit[565]: AVC apparmor="STATUS" operation="profile_load" profile="unconfined" name="/usr/lib/connman/scripts/dhclient-script" pid=565 comm="apparmor_parser"
mai 02 19:41:06 pgvm-g15 audit[565]: AVC apparmor="STATUS" operation="profile_load" profile="unconfined" name="/{,usr/}sbin/dhclient" pid=565 comm="apparmor_parser"
mai 02 19:41:06 pgvm-g15 audit[573]: AVC apparmor="STATUS" operation="profile_load" profile="unconfined" name="/usr/sbin/cups-browsed" pid=573 comm="apparmor_parser"
mai 02 19:41:06 pgvm-g15 systemd[1]: Starting Record System Boot/Shutdown in UTMP...
mai 02 19:41:06 pgvm-g15 systemd[1]: Finished Record System Boot/Shutdown in UTMP.
mai 02 19:41:06 pgvm-g15 systemd[1]: Listening on Load/Save RF Kill Switch Status /dev/rfkill Watch.
mai 02 19:41:06 pgvm-g15 audit[567]: AVC apparmor="STATUS" operation="profile_load" profile="unconfined" name="ubuntu_pro_esm_cache" pid=567 comm="apparmor_parser"
mai 02 19:41:06 pgvm-g15 audit[567]: AVC apparmor="STATUS" operation="profile_load" profile="unconfined" name="ubuntu_pro_esm_cache//apt_methods" pid=567 comm="apparmor_parser"
mai 02 19:41:06 pgvm-g15 audit[567]: AVC apparmor="STATUS" operation="profile_load" profile="unconfined" name="ubuntu_pro_esm_cache//apt_methods_gpgv" pid=567 comm="apparmor_parser"
mai 02 19:41:06 pgvm-g15 audit[567]: AVC apparmor="STATUS" operation="profile_load" profile="unconfined" name="ubuntu_pro_esm_cache//cloud_id" pid=567 comm="apparmor_parser"
mai 02 19:41:06 pgvm-g15 audit[567]: AVC apparmor="STATUS" operation="profile_load" profile="unconfined" name="ubuntu_pro_esm_cache//dpkg" pid=567 comm="apparmor_parser"
mai 02 19:41:06 pgvm-g15 audit[567]: AVC apparmor="STATUS" operation="profile_load" profile="unconfined" name="ubuntu_pro_esm_cache//ps" pid=567 comm="apparmor_parser"
mai 02 19:41:06 pgvm-g15 audit[567]: AVC apparmor="STATUS" operation="profile_load" profile="unconfined" name="ubuntu_pro_esm_cache//ubuntu_distro_info" pid=567 comm="apparmor_parser"
mai 02 19:41:06 pgvm-g15 audit[567]: AVC apparmor="STATUS" operation="profile_load" profile="unconfined" name="ubuntu_pro_esm_cache_systemctl" pid=567 comm="apparmor_parser"
mai 02 19:41:06 pgvm-g15 audit[567]: AVC apparmor="STATUS" operation="profile_load" profile="unconfined" name="ubuntu_pro_esm_cache_systemd_detect_virt" pid=567 comm="apparmor_parser"
mai 02 19:41:06 pgvm-g15 systemd[1]: Mounted Arbitrary Executable File Formats File System.
mai 02 19:41:06 pgvm-g15 systemd[1]: Finished Set Up Additional Binary Formats.
mai 02 19:41:06 pgvm-g15 systemd-udevd[452]: dell::kbd_backlight: Process '/usr/bin/brightnessctl -d dell::kbd_backlight set 2' failed with exit code 1.
mai 02 19:41:06 pgvm-g15 kernel: intel_rapl_msr: PL4 support detected.
mai 02 19:41:06 pgvm-g15 kernel: iwlwifi 0000:00:14.3: Detected Intel(R) Wi-Fi 6 AX201 160MHz, REV=0x430
mai 02 19:41:06 pgvm-g15 kernel: thermal thermal_zone9: failed to read out thermal zone (-61)
mai 02 19:41:06 pgvm-g15 audit[568]: AVC apparmor="STATUS" operation="profile_load" profile="unconfined" name="/usr/bin/evince" pid=568 comm="apparmor_parser"
mai 02 19:41:06 pgvm-g15 audit[568]: AVC apparmor="STATUS" operation="profile_load" profile="unconfined" name="/usr/bin/evince//sanitized_helper" pid=568 comm="apparmor_parser"
mai 02 19:41:06 pgvm-g15 audit[568]: AVC apparmor="STATUS" operation="profile_load" profile="unconfined" name="/usr/bin/evince//snap_browsers" pid=568 comm="apparmor_parser"
mai 02 19:41:06 pgvm-g15 audit[568]: AVC apparmor="STATUS" operation="profile_load" profile="unconfined" name="/usr/bin/evince-previewer" pid=568 comm="apparmor_parser"
mai 02 19:41:06 pgvm-g15 audit[568]: AVC apparmor="STATUS" operation="profile_load" profile="unconfined" name="/usr/bin/evince-previewer//sanitized_helper" pid=568 comm="apparmor_parser"
mai 02 19:41:06 pgvm-g15 audit[568]: AVC apparmor="STATUS" operation="profile_load" profile="unconfined" name="/usr/bin/evince-thumbnailer" pid=568 comm="apparmor_parser"
mai 02 19:41:06 pgvm-g15 systemd[1]: Finished Load AppArmor profiles.
mai 02 19:41:06 pgvm-g15 systemd[1]: Started Network Time Synchronization.
mai 02 19:41:06 pgvm-g15 kernel: input: HDA NVidia HDMI/DP,pcm=7 as /devices/pci0000:00/0000:00:01.0/0000:01:00.1/sound/card0/input18
mai 02 19:41:06 pgvm-g15 kernel: input: HDA NVidia HDMI/DP,pcm=8 as /devices/pci0000:00/0000:00:01.0/0000:01:00.1/sound/card0/input19
mai 02 19:41:06 pgvm-g15 kernel: input: HDA NVidia HDMI/DP,pcm=9 as /devices/pci0000:00/0000:00:01.0/0000:01:00.1/sound/card0/input20
mai 02 19:41:06 pgvm-g15 systemd[1]: Reached target System Initialization.
mai 02 19:41:06 pgvm-g15 systemd[1]: Started ACPI Events Check.
mai 02 19:41:06 pgvm-g15 systemd[1]: Started Daily Cleanup of Temporary Directories.
mai 02 19:41:06 pgvm-g15 systemd[1]: Reached target Path Units.
mai 02 19:41:06 pgvm-g15 systemd[1]: Reached target System Time Set.
mai 02 19:41:06 pgvm-g15 systemd[1]: Started Trigger anacron every hour.
mai 02 19:41:06 pgvm-g15 systemd[1]: Started Daily dpkg database backup timer.
mai 02 19:41:06 pgvm-g15 systemd[1]: Started Periodic ext4 Online Metadata Check for All Filesystems.
mai 02 19:41:06 pgvm-g15 systemd[1]: Started Discard unused blocks once a week.
mai 02 19:41:06 pgvm-g15 systemd[1]: Started Refresh fwupd metadata regularly.
mai 02 19:41:06 pgvm-g15 systemd[1]: Started Daily rotation of log files.
mai 02 19:41:06 pgvm-g15 systemd[1]: Started Message of the Day.
mai 02 19:41:06 pgvm-g15 systemd[1]: Reached target Timer Units.
mai 02 19:41:06 pgvm-g15 kernel: input: VEN_06CB:00 06CB:CE81 Mouse as /devices/pci0000:00/0000:00:15.1/i2c_designware.1/i2c-2/i2c-VEN_06CB:00/0018:06CB:CE81.0001/input/input21
mai 02 19:41:06 pgvm-g15 kernel: input: VEN_06CB:00 06CB:CE81 Touchpad as /devices/pci0000:00/0000:00:15.1/i2c_designware.1/i2c-2/i2c-VEN_06CB:00/0018:06CB:CE81.0001/input/input22
mai 02 19:41:06 pgvm-g15 kernel: hid-multitouch 0018:06CB:CE81.0001: input,hidraw0: I2C HID v1.00 Mouse [VEN_06CB:00 06CB:CE81] on i2c-VEN_06CB:00
mai 02 19:41:06 pgvm-g15 systemd[1]: Listening on ACPID Listen Socket.
mai 02 19:41:06 pgvm-g15 systemd[1]: Listening on D-Bus System Message Bus Socket.
mai 02 19:41:06 pgvm-g15 systemd[1]: Listening on UUID daemon activation socket.
mai 02 19:41:06 pgvm-g15 systemd[1]: Listening on Virtual machine lock manager socket.
mai 02 19:41:06 pgvm-g15 systemd[1]: Listening on Virtual machine lock manager admin socket.
mai 02 19:41:06 pgvm-g15 systemd[1]: Listening on Virtual machine log manager socket.
mai 02 19:41:06 pgvm-g15 systemd[1]: Listening on Virtual machine log manager socket.
mai 02 19:41:06 pgvm-g15 systemd[1]: Reached target Socket Units.
mai 02 19:41:06 pgvm-g15 systemd[1]: Reached target Basic System.
mai 02 19:41:06 pgvm-g15 systemd[1]: Started ACPI event daemon.
mai 02 19:41:06 pgvm-g15 systemd[1]: Starting Recovery mode menu...
mai 02 19:41:06 pgvm-g15 systemd[1]: Condition check resulted in Manage Sound Card State (restore and store) being skipped.
mai 02 19:41:06 pgvm-g15 systemd[1]: Starting Save/Restore Sound Card State...
mai 02 19:41:06 pgvm-g15 systemd[1]: Started D-Bus System Message Bus.
mai 02 19:41:06 pgvm-g15 alsactl[624]: alsa-lib main.c:1412:(snd_use_case_mgr_open) error: failed to import hw:2 use case configuration -2
mai 02 19:41:06 pgvm-g15 systemd[1]: Finished Save/Restore Sound Card State.
mai 02 19:41:06 pgvm-g15 systemd[1]: Reached target Sound Card.
mai 02 19:41:06 pgvm-g15 dbus-daemon[623]: dbus[623]: Unknown username "whoopsie" in message bus configuration file
mai 02 19:41:06 pgvm-g15 systemd[1]: Started Recovery mode menu.
mai 02 19:41:06 pgvm-g15 systemd[1]: Reached target Friendly Recovery Mode.
mai 02 19:41:06 pgvm-g15 systemd[1]: Startup finished in 7.609s (firmware) + 5.574s (loader) + 2.109s (kernel) + 759ms (userspace) = 16.053s.
mai 02 19:41:06 pgvm-g15 kernel: intel_rapl_common: Found RAPL domain package
mai 02 19:41:06 pgvm-g15 kernel: intel_rapl_common: Found RAPL domain core
mai 02 19:41:06 pgvm-g15 kernel: intel_rapl_common: Found RAPL domain psys
mai 02 19:41:06 pgvm-g15 kernel: nvidia-nvlink: Nvlink Core is being initialized, major device number 510
mai 02 19:41:06 pgvm-g15 kernel: 
mai 02 19:41:06 pgvm-g15 kernel: RAPL PMU: API unit is 2^-32 Joules, 3 fixed counters, 655360 ms ovfl timer
mai 02 19:41:06 pgvm-g15 kernel: RAPL PMU: hw unit of domain pp0-core 2^-14 Joules
mai 02 19:41:06 pgvm-g15 kernel: RAPL PMU: hw unit of domain package 2^-14 Joules
mai 02 19:41:06 pgvm-g15 kernel: RAPL PMU: hw unit of domain psys 2^-14 Joules
mai 02 19:41:06 pgvm-g15 kernel: cryptd: max_cpu_qlen set to 1000
mai 02 19:41:06 pgvm-g15 kernel: iwlwifi 0000:00:14.3: Detected RF HR B3, rfid=0x10a100
mai 02 19:41:06 pgvm-g15 kernel: AVX2 version of gcm_enc/dec engaged.
mai 02 19:41:06 pgvm-g15 kernel: AES CTR mode by8 optimization enabled
mai 02 19:41:06 pgvm-g15 kernel: nvidia 0000:01:00.0: vgaarb: changed VGA decodes: olddecodes=io+mem,decodes=none:owns=none
mai 02 19:41:06 pgvm-g15 kernel: NVRM: loading NVIDIA UNIX x86_64 Kernel Module  590.44.01  Fri Nov 21 13:43:30 UTC 2025
mai 02 19:41:06 pgvm-g15 kernel: iwlwifi 0000:00:14.3: base HW address: dc:97:ba:e9:0c:14
mai 02 19:41:06 pgvm-g15 kernel: nvidia-modeset: Loading NVIDIA Kernel Mode Setting Driver for UNIX platforms  590.44.01  Fri Nov 21 12:59:40 UTC 2025
mai 02 19:41:06 pgvm-g15 kernel: [drm] [nvidia-drm] [GPU ID 0x00000100] Loading driver
mai 02 19:41:06 pgvm-g15 systemd-udevd[518]: Using default interface naming scheme 'v249'.
mai 02 19:41:06 pgvm-g15 kernel: iwlwifi 0000:00:14.3 wlp0s20f3: renamed from wlan0
mai 02 19:41:06 pgvm-g15 kernel: sof-audio-pci-intel-tgl 0000:00:1f.3: DSP detected with PCI class/subclass/prog-if info 0x040100
mai 02 19:41:06 pgvm-g15 kernel: sof-audio-pci-intel-tgl 0000:00:1f.3: Digital mics found on Skylake+ platform, using SOF driver
mai 02 19:41:06 pgvm-g15 kernel: sof-audio-pci-intel-tgl 0000:00:1f.3: enabling device (0000 -> 0002)
mai 02 19:41:06 pgvm-g15 kernel: sof-audio-pci-intel-tgl 0000:00:1f.3: DSP detected with PCI class/subclass/prog-if 0x040100
mai 02 19:41:06 pgvm-g15 systemd[1]: Starting Load/Save RF Kill Switch Status...
mai 02 19:41:06 pgvm-g15 systemd[1]: Started Load/Save RF Kill Switch Status.
mai 02 19:41:06 pgvm-g15 systemd-udevd[448]: Using default interface naming scheme 'v249'.
mai 02 19:41:06 pgvm-g15 kernel: ACPI Warning: \_SB.NPCF._DSM: Argument #4 type mismatch - Found [Buffer], ACPI requires [Package] (20220331/nsarguments-61)
mai 02 19:41:06 pgvm-g15 kernel: ACPI Warning: \_SB.PC00.PEG1.PEGP._DSM: Argument #4 type mismatch - Found [Buffer], ACPI requires [Package] (20220331/nsarguments-61)
mai 02 19:41:06 pgvm-g15 kernel: intel_tcc_cooling: Programmable TCC Offset detected
mai 02 19:41:07 pgvm-g15 acpid[619]: starting up with netlink and the input layer
mai 02 19:41:07 pgvm-g15 acpid[619]: 8 rules loaded
mai 02 19:41:07 pgvm-g15 acpid[619]: waiting for events: event logging is off
mai 02 19:41:08 pgvm-g15 kernel: [drm] Initialized nvidia-drm 0.0.0 20160202 for 0000:01:00.0 on minor 0
mai 02 19:41:08 pgvm-g15 kernel: Console: switching to colour dummy device 80x25
mai 02 19:41:08 pgvm-g15 kernel: nvidia 0000:01:00.0: vgaarb: deactivate vga console
mai 02 19:41:08 pgvm-g15 kernel: fbcon: nvidia-drmdrmfb (fb0) is primary device
mai 02 19:41:09 pgvm-g15 kernel: Console: switching to colour frame buffer device 240x67
mai 02 19:41:09 pgvm-g15 kernel: nvidia 0000:01:00.0: [drm] fb0: nvidia-drmdrmfb frame buffer device
mai 02 19:41:09 pgvm-g15 systemd[1]: Created slice Slice /system/systemd-backlight.
mai 02 19:41:09 pgvm-g15 systemd[1]: Starting Load/Save Screen Backlight Brightness of backlight:nvidia_0...
mai 02 19:41:09 pgvm-g15 systemd[1]: Finished Load/Save Screen Backlight Brightness of backlight:nvidia_0.
mai 02 19:41:11 pgvm-g15 systemd[1]: systemd-rfkill.service: Deactivated successfully.
mai 02 19:41:17 pgvm-g15 dbus-daemon[623]: [system] Activating via systemd: service name='org.freedesktop.login1' unit='dbus-org.freedesktop.login1.service' requested by ':1.2' (uid=0 pid=924 comm="python3 /usr/lib/python3/dist-packages/DistUpgrade")
mai 02 19:41:17 pgvm-g15 systemd[1]: Created slice User and Session Slice.
mai 02 19:41:17 pgvm-g15 systemd[1]: Starting Load Kernel Module drm...
mai 02 19:41:17 pgvm-g15 systemd[1]: modprobe@drm.service: Deactivated successfully.
mai 02 19:41:17 pgvm-g15 systemd[1]: Finished Load Kernel Module drm.
mai 02 19:41:17 pgvm-g15 systemd[1]: Starting User Login Management...
mai 02 19:41:17 pgvm-g15 systemd-logind[934]: New seat seat0.
mai 02 19:41:17 pgvm-g15 systemd-logind[934]: Watching system buttons on /dev/input/event1 (Power Button)
mai 02 19:41:17 pgvm-g15 systemd-logind[934]: Watching system buttons on /dev/input/event0 (Lid Switch)
mai 02 19:41:17 pgvm-g15 systemd-logind[934]: Watching system buttons on /dev/input/event7 (HP, Inc HyperX Pulsefire Haste 2 Wireless Keyboard)
mai 02 19:41:17 pgvm-g15 systemd-logind[934]: Watching system buttons on /dev/input/event3 (Intel HID events)
mai 02 19:41:17 pgvm-g15 systemd-logind[934]: Watching system buttons on /dev/input/event4 (Intel HID 5 button array)
mai 02 19:41:17 pgvm-g15 systemd-logind[934]: Watching system buttons on /dev/input/event2 (AT Translated Set 2 keyboard)
mai 02 19:41:17 pgvm-g15 dbus-daemon[623]: [system] Successfully activated service 'org.freedesktop.login1'
mai 02 19:41:17 pgvm-g15 systemd[1]: Started User Login Management.
mai 02 19:41:36 pgvm-g15 systemd[1]: systemd-fsckd.service: Deactivated successfully.
mai 02 19:41:46 pgvm-g15 systemd[1]: Cannot find unit for notify message of PID 1136, ignoring.
mai 02 19:41:46 pgvm-g15 systemd[1]: friendly-recovery.service: Got notification message from PID 1138, but reception only permitted for main PID 625
mai 02 19:41:46 pgvm-g15 systemd[1]: Starting Network Manager...
mai 02 19:41:46 pgvm-g15 NetworkManager[1142]: <info>  [1777761706.1010] NetworkManager (version 1.36.6) is starting... (for the first time)
mai 02 19:41:46 pgvm-g15 NetworkManager[1142]: <info>  [1777761706.1010] Read config: /etc/NetworkManager/NetworkManager.conf (lib: 10-default-firewall-use-iptables.conf, 10-dns-resolved.conf, 20-connectivity-ubuntu.conf, no-mac-addr-change.conf) (run: 10-globally-managed-devices.conf) (etc: default-wifi-powersave-on.conf)
mai 02 19:41:46 pgvm-g15 systemd[1]: Started Network Manager.
mai 02 19:41:46 pgvm-g15 NetworkManager[1142]: <info>  [1777761706.1028] bus-manager: acquired D-Bus service "org.freedesktop.NetworkManager"
mai 02 19:41:46 pgvm-g15 NetworkManager[1142]: <info>  [1777761706.1056] manager[0x557ced56b040]: monitoring kernel firmware directory '/lib/firmware'.
mai 02 19:41:46 pgvm-g15 NetworkManager[1142]: <info>  [1777761706.1056] monitoring ifupdown state file '/run/network/ifstate'.
mai 02 19:41:46 pgvm-g15 dbus-daemon[623]: [system] Activating via systemd: service name='org.freedesktop.hostname1' unit='dbus-org.freedesktop.hostname1.service' requested by ':1.4' (uid=0 pid=1142 comm="/usr/sbin/NetworkManager --no-daemon ")
mai 02 19:41:46 pgvm-g15 systemd[1]: Starting Hostname Service...
mai 02 19:41:46 pgvm-g15 systemd[1]: friendly-recovery.service: Got notification message from PID 1147, but reception only permitted for main PID 625
mai 02 19:41:46 pgvm-g15 dbus-daemon[623]: [system] Successfully activated service 'org.freedesktop.hostname1'
mai 02 19:41:46 pgvm-g15 systemd[1]: Started Hostname Service.
mai 02 19:41:46 pgvm-g15 NetworkManager[1142]: <info>  [1777761706.1348] hostname: hostname: using hostnamed
mai 02 19:41:46 pgvm-g15 NetworkManager[1142]: <info>  [1777761706.1348] hostname: static hostname changed from (none) to "pgvm-g15"
mai 02 19:41:46 pgvm-g15 NetworkManager[1142]: <info>  [1777761706.1352] dns-mgr[0x557ced5482a0]: init: dns=systemd-resolved rc-manager=unmanaged (auto), plugin=systemd-resolved
mai 02 19:41:46 pgvm-g15 NetworkManager[1142]: <info>  [1777761706.1355] rfkill0: found Wi-Fi radio killswitch (at /sys/devices/pci0000:00/0000:00:14.3/ieee80211/phy0/rfkill0) (driver iwlwifi)
mai 02 19:41:46 pgvm-g15 NetworkManager[1142]: <info>  [1777761706.1356] manager[0x557ced56b040]: rfkill: Wi-Fi hardware radio set enabled
mai 02 19:41:46 pgvm-g15 NetworkManager[1142]: <info>  [1777761706.1356] manager[0x557ced56b040]: rfkill: WWAN hardware radio set enabled
mai 02 19:41:46 pgvm-g15 NetworkManager[1142]: <info>  [1777761706.1367] Loaded device plugin: NMWifiFactory (/usr/lib/x86_64-linux-gnu/NetworkManager/1.36.6/libnm-device-plugin-wifi.so)
mai 02 19:41:46 pgvm-g15 NetworkManager[1142]: <info>  [1777761706.1388] Loaded device plugin: NMBluezManager (/usr/lib/x86_64-linux-gnu/NetworkManager/1.36.6/libnm-device-plugin-bluetooth.so)
mai 02 19:41:46 pgvm-g15 NetworkManager[1142]: <info>  [1777761706.1390] Loaded device plugin: NMAtmManager (/usr/lib/x86_64-linux-gnu/NetworkManager/1.36.6/libnm-device-plugin-adsl.so)
mai 02 19:41:46 pgvm-g15 NetworkManager[1142]: <info>  [1777761706.1401] Loaded device plugin: NMTeamFactory (/usr/lib/x86_64-linux-gnu/NetworkManager/1.36.6/libnm-device-plugin-team.so)
mai 02 19:41:46 pgvm-g15 NetworkManager[1142]: <info>  [1777761706.1403] Loaded device plugin: NMWwanFactory (/usr/lib/x86_64-linux-gnu/NetworkManager/1.36.6/libnm-device-plugin-wwan.so)
mai 02 19:41:46 pgvm-g15 NetworkManager[1142]: <info>  [1777761706.1404] manager: rfkill: Wi-Fi enabled by radio killswitch; enabled by state file
mai 02 19:41:46 pgvm-g15 NetworkManager[1142]: <info>  [1777761706.1405] manager: rfkill: WWAN enabled by radio killswitch; enabled by state file
mai 02 19:41:46 pgvm-g15 NetworkManager[1142]: <info>  [1777761706.1405] manager: Networking is enabled by state file
mai 02 19:41:46 pgvm-g15 dbus-daemon[623]: [system] Activating via systemd: service name='org.freedesktop.nm_dispatcher' unit='dbus-org.freedesktop.nm-dispatcher.service' requested by ':1.4' (uid=0 pid=1142 comm="/usr/sbin/NetworkManager --no-daemon ")
mai 02 19:41:46 pgvm-g15 NetworkManager[1142]: <info>  [1777761706.1413] settings: Loaded settings plugin: ifupdown ("/usr/lib/x86_64-linux-gnu/NetworkManager/1.36.6/libnm-settings-plugin-ifupdown.so")
mai 02 19:41:46 pgvm-g15 NetworkManager[1142]: <info>  [1777761706.1413] settings: Loaded settings plugin: keyfile (internal)
mai 02 19:41:46 pgvm-g15 NetworkManager[1142]: <info>  [1777761706.1413] ifupdown: management mode: unmanaged
mai 02 19:41:46 pgvm-g15 NetworkManager[1142]: <info>  [1777761706.1414] ifupdown: interfaces file /etc/network/interfaces doesn't exist
mai 02 19:41:46 pgvm-g15 NetworkManager[1142]: <info>  [1777761706.1539] dhcp-init: Using DHCP client 'internal'
mai 02 19:41:46 pgvm-g15 NetworkManager[1142]: <info>  [1777761706.1539] device (lo): carrier: link connected
mai 02 19:41:46 pgvm-g15 NetworkManager[1142]: <info>  [1777761706.1540] manager: (lo): new Generic device (/org/freedesktop/NetworkManager/Devices/1)
mai 02 19:41:46 pgvm-g15 NetworkManager[1142]: <info>  [1777761706.1545] manager: (enp4s0): new Ethernet device (/org/freedesktop/NetworkManager/Devices/2)
mai 02 19:41:46 pgvm-g15 NetworkManager[1142]: <info>  [1777761706.1547] device (enp4s0): state change: unmanaged -> unavailable (reason 'managed', sys-iface-state: 'external')
mai 02 19:41:46 pgvm-g15 systemd[1]: Starting Network Manager Script Dispatcher Service...
mai 02 19:41:46 pgvm-g15 dbus-daemon[623]: [system] Successfully activated service 'org.freedesktop.nm_dispatcher'
mai 02 19:41:46 pgvm-g15 systemd[1]: Started Network Manager Script Dispatcher Service.
mai 02 19:41:46 pgvm-g15 kernel: Generic FE-GE Realtek PHY r8169-0-400:00: attached PHY driver (mii_bus:phy_addr=r8169-0-400:00, irq=MAC)
mai 02 19:41:46 pgvm-g15 NetworkManager[1142]: <info>  [1777761706.3843] device (wlp0s20f3): driver supports Access Point (AP) mode
mai 02 19:41:46 pgvm-g15 NetworkManager[1142]: <info>  [1777761706.3852] manager: (wlp0s20f3): new 802.11 Wi-Fi device (/org/freedesktop/NetworkManager/Devices/3)
mai 02 19:41:46 pgvm-g15 kernel: r8169 0000:04:00.0 enp4s0: Link is Down
mai 02 19:41:46 pgvm-g15 NetworkManager[1142]: <info>  [1777761706.3857] device (wlp0s20f3): state change: unmanaged -> unavailable (reason 'managed', sys-iface-state: 'external')
mai 02 19:41:46 pgvm-g15 dbus-daemon[623]: [system] Activating via systemd: service name='fi.w1.wpa_supplicant1' unit='wpa_supplicant.service' requested by ':1.4' (uid=0 pid=1142 comm="/usr/sbin/NetworkManager --no-daemon ")
mai 02 19:41:46 pgvm-g15 NetworkManager[1142]: <info>  [1777761706.5824] failed to open /run/network/ifstate
mai 02 19:41:46 pgvm-g15 systemd[1]: Starting WPA supplicant...
mai 02 19:41:46 pgvm-g15 dbus-daemon[623]: [system] Successfully activated service 'fi.w1.wpa_supplicant1'
mai 02 19:41:46 pgvm-g15 systemd[1]: Started WPA supplicant.
mai 02 19:41:46 pgvm-g15 wpa_supplicant[1297]: Successfully initialized wpa_supplicant
mai 02 19:41:46 pgvm-g15 systemd[1]: Reached target Network.
mai 02 19:41:46 pgvm-g15 NetworkManager[1142]: <info>  [1777761706.6703] device (wlp0s20f3): supplicant interface state: internal-starting -> disconnected
mai 02 19:41:46 pgvm-g15 NetworkManager[1142]: <info>  [1777761706.6704] Wi-Fi P2P device controlled by interface wlp0s20f3 created
mai 02 19:41:46 pgvm-g15 NetworkManager[1142]: <info>  [1777761706.6707] manager: (p2p-dev-wlp0s20f3): new 802.11 Wi-Fi P2P device (/org/freedesktop/NetworkManager/Devices/4)
mai 02 19:41:46 pgvm-g15 NetworkManager[1142]: <info>  [1777761706.6710] device (p2p-dev-wlp0s20f3): state change: unmanaged -> unavailable (reason 'managed', sys-iface-state: 'external')
mai 02 19:41:46 pgvm-g15 NetworkManager[1142]: <info>  [1777761706.6714] device (wlp0s20f3): state change: unavailable -> disconnected (reason 'supplicant-available', sys-iface-state: 'managed')
mai 02 19:41:46 pgvm-g15 NetworkManager[1142]: <info>  [1777761706.6719] device (p2p-dev-wlp0s20f3): state change: unavailable -> disconnected (reason 'none', sys-iface-state: 'managed')
mai 02 19:41:50 pgvm-g15 wpa_supplicant[1297]: wlp0s20f3: CTRL-EVENT-REGDOM-CHANGE init=DRIVER type=COUNTRY alpha2=BR
mai 02 19:41:50 pgvm-g15 NetworkManager[1142]: <info>  [1777761710.3400] policy: auto-activating connection 'Enterprise' (c36d3f8c-03c2-441c-abe1-ee04c73c5e08)
mai 02 19:41:50 pgvm-g15 NetworkManager[1142]: <info>  [1777761710.3402] device (wlp0s20f3): Activation: starting connection 'Enterprise' (c36d3f8c-03c2-441c-abe1-ee04c73c5e08)
mai 02 19:41:50 pgvm-g15 NetworkManager[1142]: <info>  [1777761710.3402] device (wlp0s20f3): state change: disconnected -> prepare (reason 'none', sys-iface-state: 'managed')
mai 02 19:41:50 pgvm-g15 NetworkManager[1142]: <info>  [1777761710.3403] manager: NetworkManager state is now CONNECTING
mai 02 19:41:50 pgvm-g15 NetworkManager[1142]: <info>  [1777761710.3404] device (wlp0s20f3): state change: prepare -> config (reason 'none', sys-iface-state: 'managed')
mai 02 19:41:50 pgvm-g15 NetworkManager[1142]: <info>  [1777761710.3405] device (wlp0s20f3): Activation: (wifi) access point 'Enterprise' has security, but secrets are required.
mai 02 19:41:50 pgvm-g15 NetworkManager[1142]: <info>  [1777761710.3405] device (wlp0s20f3): state change: config -> need-auth (reason 'none', sys-iface-state: 'managed')
mai 02 19:41:50 pgvm-g15 NetworkManager[1142]: <info>  [1777761710.3405] sup-iface[b1bfcf603190f0e8,0,wlp0s20f3]: wps: type pbc start...
mai 02 19:41:50 pgvm-g15 NetworkManager[1142]: <info>  [1777761710.3409] device (wlp0s20f3): state change: need-auth -> prepare (reason 'none', sys-iface-state: 'managed')
mai 02 19:41:50 pgvm-g15 NetworkManager[1142]: <info>  [1777761710.3410] device (wlp0s20f3): state change: prepare -> config (reason 'none', sys-iface-state: 'managed')
mai 02 19:41:50 pgvm-g15 NetworkManager[1142]: <info>  [1777761710.3411] device (wlp0s20f3): Activation: (wifi) connection 'Enterprise' has security, and secrets exist.  No new secrets needed.
mai 02 19:41:50 pgvm-g15 NetworkManager[1142]: <info>  [1777761710.3411] Config: added 'ssid' value 'Enterprise'
mai 02 19:41:50 pgvm-g15 NetworkManager[1142]: <info>  [1777761710.3411] Config: added 'scan_ssid' value '1'
mai 02 19:41:50 pgvm-g15 NetworkManager[1142]: <info>  [1777761710.3411] Config: added 'bgscan' value 'simple:30:-70:86400'
mai 02 19:41:50 pgvm-g15 NetworkManager[1142]: <info>  [1777761710.3411] Config: added 'key_mgmt' value 'WPA-PSK WPA-PSK-SHA256 FT-PSK SAE FT-SAE'
mai 02 19:41:50 pgvm-g15 NetworkManager[1142]: <info>  [1777761710.3411] Config: added 'psk' value '<hidden>'
mai 02 19:41:50 pgvm-g15 wpa_supplicant[1297]: wlp0s20f3: WPS-PBC-ACTIVE
mai 02 19:41:50 pgvm-g15 wpa_supplicant[1297]: wlp0s20f3: WPS-CANCEL
mai 02 19:41:50 pgvm-g15 wpa_supplicant[1297]: wlp0s20f3: SME: Trying to authenticate with 04:c1:d8:06:0a:f0 (SSID='Enterprise' freq=2462 MHz)
mai 02 19:41:50 pgvm-g15 kernel: wlp0s20f3: authenticate with 04:c1:d8:06:0a:f0
mai 02 19:41:50 pgvm-g15 kernel: wlp0s20f3: 80 MHz not supported, disabling VHT
mai 02 19:41:50 pgvm-g15 NetworkManager[1142]: <info>  [1777761710.3787] device (wlp0s20f3): supplicant interface state: disconnected -> authenticating
mai 02 19:41:50 pgvm-g15 NetworkManager[1142]: <info>  [1777761710.3787] device (p2p-dev-wlp0s20f3): supplicant management interface state: disconnected -> authenticating
mai 02 19:41:50 pgvm-g15 kernel: wlp0s20f3: send auth to 04:c1:d8:06:0a:f0 (try 1/3)
mai 02 19:41:50 pgvm-g15 wpa_supplicant[1297]: wlp0s20f3: Trying to associate with 04:c1:d8:06:0a:f0 (SSID='Enterprise' freq=2462 MHz)
mai 02 19:41:50 pgvm-g15 NetworkManager[1142]: <info>  [1777761710.4295] device (wlp0s20f3): supplicant interface state: authenticating -> associating
mai 02 19:41:50 pgvm-g15 NetworkManager[1142]: <info>  [1777761710.4295] device (p2p-dev-wlp0s20f3): supplicant management interface state: authenticating -> associating
mai 02 19:41:50 pgvm-g15 kernel: wlp0s20f3: authenticated
mai 02 19:41:50 pgvm-g15 kernel: wlp0s20f3: associate with 04:c1:d8:06:0a:f0 (try 1/3)
mai 02 19:41:50 pgvm-g15 kernel: wlp0s20f3: RX AssocResp from 04:c1:d8:06:0a:f0 (capab=0x1431 status=0 aid=8)
mai 02 19:41:50 pgvm-g15 wpa_supplicant[1297]: wlp0s20f3: Associated with 04:c1:d8:06:0a:f0
mai 02 19:41:50 pgvm-g15 kernel: wlp0s20f3: associated
mai 02 19:41:50 pgvm-g15 wpa_supplicant[1297]: wlp0s20f3: CTRL-EVENT-SUBNET-STATUS-UPDATE status=0
mai 02 19:41:50 pgvm-g15 NetworkManager[1142]: <info>  [1777761710.4551] device (wlp0s20f3): supplicant interface state: associating -> 4way_handshake
mai 02 19:41:50 pgvm-g15 NetworkManager[1142]: <info>  [1777761710.4551] device (p2p-dev-wlp0s20f3): supplicant management interface state: associating -> 4way_handshake
mai 02 19:41:50 pgvm-g15 wpa_supplicant[1297]: wlp0s20f3: WPA: Key negotiation completed with 04:c1:d8:06:0a:f0 [PTK=CCMP GTK=CCMP]
mai 02 19:41:50 pgvm-g15 wpa_supplicant[1297]: wlp0s20f3: CTRL-EVENT-CONNECTED - Connection to 04:c1:d8:06:0a:f0 completed [id=0 id_str=]
mai 02 19:41:50 pgvm-g15 kernel: IPv6: ADDRCONF(NETDEV_CHANGE): wlp0s20f3: link becomes ready
mai 02 19:41:50 pgvm-g15 NetworkManager[1142]: <info>  [1777761710.5368] device (wlp0s20f3): supplicant interface state: 4way_handshake -> completed
mai 02 19:41:50 pgvm-g15 NetworkManager[1142]: <info>  [1777761710.5369] device (wlp0s20f3): Activation: (wifi) Stage 2 of 5 (Device Configure) successful. Connected to wireless network "Enterprise"
mai 02 19:41:50 pgvm-g15 wpa_supplicant[1297]: wlp0s20f3: CTRL-EVENT-SIGNAL-CHANGE above=1 signal=-44 noise=9999 txrate=117000
mai 02 19:41:50 pgvm-g15 NetworkManager[1142]: <info>  [1777761710.5369] device (p2p-dev-wlp0s20f3): supplicant management interface state: 4way_handshake -> completed
mai 02 19:41:50 pgvm-g15 NetworkManager[1142]: <info>  [1777761710.5369] device (wlp0s20f3): state change: config -> ip-config (reason 'none', sys-iface-state: 'managed')
mai 02 19:41:50 pgvm-g15 NetworkManager[1142]: <info>  [1777761710.5372] dhcp4 (wlp0s20f3): activation: beginning transaction (timeout in 45 seconds)
mai 02 19:41:50 pgvm-g15 NetworkManager[1142]: <info>  [1777761710.5504] dhcp4 (wlp0s20f3): state changed new lease, address=192.168.3.12
mai 02 19:41:50 pgvm-g15 NetworkManager[1142]: <info>  [1777761710.5515] device (wlp0s20f3): state change: ip-config -> ip-check (reason 'none', sys-iface-state: 'managed')
mai 02 19:41:50 pgvm-g15 NetworkManager[1142]: <info>  [1777761710.5532] device (wlp0s20f3): state change: ip-check -> secondaries (reason 'none', sys-iface-state: 'managed')
mai 02 19:41:50 pgvm-g15 NetworkManager[1142]: <info>  [1777761710.5532] device (wlp0s20f3): state change: secondaries -> activated (reason 'none', sys-iface-state: 'managed')
mai 02 19:41:50 pgvm-g15 NetworkManager[1142]: <info>  [1777761710.5533] manager: NetworkManager state is now CONNECTED_LOCAL
mai 02 19:41:50 pgvm-g15 NetworkManager[1142]: <info>  [1777761710.5552] manager: NetworkManager state is now CONNECTED_SITE
mai 02 19:41:50 pgvm-g15 NetworkManager[1142]: <info>  [1777761710.5552] policy: set 'Enterprise' (wlp0s20f3) as default for IPv4 routing and DNS
mai 02 19:41:50 pgvm-g15 NetworkManager[1142]: <info>  [1777761710.5553] device (wlp0s20f3): Activation: successful, device activated.
mai 02 19:41:50 pgvm-g15 dbus-daemon[623]: [system] Activating via systemd: service name='org.freedesktop.resolve1' unit='dbus-org.freedesktop.resolve1.service' requested by ':1.4' (uid=0 pid=1142 comm="/usr/sbin/NetworkManager --no-daemon ")
mai 02 19:41:50 pgvm-g15 NetworkManager[1142]: <info>  [1777761710.5555] manager: NetworkManager state is now CONNECTED_GLOBAL
mai 02 19:41:50 pgvm-g15 dbus-daemon[623]: [system] Activation via systemd failed for unit 'dbus-org.freedesktop.resolve1.service': Unit dbus-org.freedesktop.resolve1.service not found.
mai 02 19:41:52 pgvm-g15 NetworkManager[1142]: <info>  [1777761712.3841] manager: startup complete
mai 02 19:42:00 pgvm-g15 systemd[1]: NetworkManager-dispatcher.service: Deactivated successfully.
mai 02 19:42:08 pgvm-g15 kernel: sof-audio-pci-intel-tgl 0000:00:1f.3: couldn't bind with audio component
mai 02 19:42:08 pgvm-g15 kernel: sof-audio-pci-intel-tgl 0000:00:1f.3: init of i915 and HDMI codec failed
mai 02 19:42:08 pgvm-g15 kernel: sof-audio-pci-intel-tgl 0000:00:1f.3: use msi interrupt mode
mai 02 19:42:08 pgvm-g15 kernel: sof-audio-pci-intel-tgl 0000:00:1f.3: codec #2 probe error, ret: -2
mai 02 19:42:08 pgvm-g15 kernel: sof-audio-pci-intel-tgl 0000:00:1f.3: hda codecs found, mask 1
mai 02 19:42:08 pgvm-g15 kernel: sof-audio-pci-intel-tgl 0000:00:1f.3: using HDA machine driver skl_hda_dsp_generic now
mai 02 19:42:08 pgvm-g15 kernel: sof-audio-pci-intel-tgl 0000:00:1f.3: DMICs detected in NHLT tables: 2
mai 02 19:42:08 pgvm-g15 kernel: sof-audio-pci-intel-tgl 0000:00:1f.3: Firmware info: version 2:2:0-57864
mai 02 19:42:08 pgvm-g15 kernel: sof-audio-pci-intel-tgl 0000:00:1f.3: Firmware: ABI 3:22:1 Kernel ABI 3:23:0
mai 02 19:42:08 pgvm-g15 kernel: sof-audio-pci-intel-tgl 0000:00:1f.3: unknown sof_ext_man header type 3 size 0x30
mai 02 19:42:08 pgvm-g15 kernel: sof-audio-pci-intel-tgl 0000:00:1f.3: Firmware info: version 2:2:0-57864
mai 02 19:42:08 pgvm-g15 kernel: sof-audio-pci-intel-tgl 0000:00:1f.3: Firmware: ABI 3:22:1 Kernel ABI 3:23:0
mai 02 19:42:08 pgvm-g15 kernel: sof-audio-pci-intel-tgl 0000:00:1f.3: Topology: ABI 3:20:0 Kernel ABI 3:23:0
mai 02 19:42:08 pgvm-g15 kernel: skl_hda_dsp_generic skl_hda_dsp_generic: ASoC: Parent card not yet available, widget card binding deferred
mai 02 19:42:08 pgvm-g15 kernel: snd_hda_codec_realtek ehdaudio0D0: autoconfig for ALC3204: line_outs=1 (0x14/0x0/0x0/0x0/0x0) type:speaker
mai 02 19:42:08 pgvm-g15 kernel: snd_hda_codec_realtek ehdaudio0D0:    speaker_outs=0 (0x0/0x0/0x0/0x0/0x0)
mai 02 19:42:08 pgvm-g15 kernel: snd_hda_codec_realtek ehdaudio0D0:    hp_outs=1 (0x21/0x0/0x0/0x0/0x0)
mai 02 19:42:08 pgvm-g15 kernel: snd_hda_codec_realtek ehdaudio0D0:    mono: mono_out=0x0
mai 02 19:42:08 pgvm-g15 kernel: snd_hda_codec_realtek ehdaudio0D0:    inputs:
mai 02 19:42:08 pgvm-g15 kernel: snd_hda_codec_realtek ehdaudio0D0:      Headset Mic=0x19
mai 02 19:42:08 pgvm-g15 kernel: snd_hda_codec_realtek ehdaudio0D0:      Headphone Mic=0x1a
mai 02 19:42:08 pgvm-g15 kernel: input: sof-hda-dsp Headphone Mic as /devices/pci0000:00/0000:00:1f.3/skl_hda_dsp_generic/sound/card1/input24
mai 02 19:42:16 pgvm-g15 systemd[1]: systemd-hostnamed.service: Deactivated successfully.
mai 02 19:42:22 pgvm-g15 systemd-timesyncd[576]: Timed out waiting for reply from 91.189.91.157:123 (ntp.ubuntu.com).
mai 02 19:42:22 pgvm-g15 systemd-timesyncd[576]: Initial synchronization to time server 185.125.190.57:123 (ntp.ubuntu.com).
mai 02 19:42:56 pgvm-g15 sudo[1947]:     root : TTY=tty1 ; PWD=/root ; USER=root ; COMMAND=/usr/bin/apt update
mai 02 19:42:56 pgvm-g15 sudo[1947]: pam_unix(sudo:session): session opened for user root(uid=0) by (uid=0)
mai 02 19:42:56 pgvm-g15 systemd[1]: Starting Update APT News...
mai 02 19:42:56 pgvm-g15 systemd[1]: Starting Update the local ESM caches...
mai 02 19:42:56 pgvm-g15 systemd[1]: apt-news.service: Deactivated successfully.
mai 02 19:42:56 pgvm-g15 systemd[1]: Finished Update APT News.
mai 02 19:42:57 pgvm-g15 systemd[1]: esm-cache.service: Deactivated successfully.
mai 02 19:42:57 pgvm-g15 systemd[1]: Finished Update the local ESM caches.
mai 02 19:43:39 pgvm-g15 dbus-daemon[623]: [system] Activating via systemd: service name='org.freedesktop.PackageKit' unit='packagekit.service' requested by ':1.9' (uid=0 pid=4356 comm="/usr/bin/gdbus call --system --dest org.freedeskto")
mai 02 19:43:39 pgvm-g15 dbus-daemon[623]: [system] Activation via systemd failed for unit 'packagekit.service': Unit packagekit.service is masked.
mai 02 19:43:39 pgvm-g15 dbus-daemon[623]: [system] Activating via systemd: service name='org.freedesktop.PackageKit' unit='packagekit.service' requested by ':1.9' (uid=0 pid=4356 comm="/usr/bin/gdbus call --system --dest org.freedeskto")
mai 02 19:43:39 pgvm-g15 dbus-daemon[623]: [system] Activation via systemd failed for unit 'packagekit.service': Unit packagekit.service is masked.
mai 02 19:43:41 pgvm-g15 sudo[1947]: pam_unix(sudo:session): session closed for user root
